language,ISO6393,year,speakers
Afar,aar,2013,14
Afar,aar,2014,14
Afar,aar,2015,14
Afar,aar,2016,13
Afar,aar,2017,11
Afar,aar,2018,10
Afar,aar,2019,10
Afar,aar,2020,14
Afar,aar,2021,26
Afar,aar,2022,34
Afar,aar,2023,44
Afar,aar,2024,50
Afar,aar,2025,61
Afrikaans,afr,2010,10
Afrikaans,afr,2011,14
Afrikaans,afr,2012,13
Afrikaans,afr,2013,13
Afrikaans,afr,2014,13
Afrikaans,afr,2015,11
Afrikaans,afr,2016,21
Afrikaans,afr,2017,25
Afrikaans,afr,2018,42
Afrikaans,afr,2019,41
Afrikaans,afr,2020,49
Afrikaans,afr,2021,64
Afrikaans,afr,2022,71
Afrikaans,afr,2023,75
Afrikaans,afr,2024,85
Afrikaans,afr,2025,107
Akan,aka,1992,36
Akan,aka,1993,46
Akan,aka,1994,55
Akan,aka,1995,71
Akan,aka,1996,69
Akan,aka,1997,77
Akan,aka,1998,83
Akan,aka,1999,93
Akan,aka,2000,96
Akan,aka,2001,128
Akan,aka,2002,135
Akan,aka,2003,145
Akan,aka,2004,162
Akan,aka,2005,185
Akan,aka,2006,242
Akan,aka,2007,279
Akan,aka,2008,344
Akan,aka,2009,374
Akan,aka,2010,405
Akan,aka,2011,446
Akan,aka,2012,508
Akan,aka,2013,560
Akan,aka,2014,663
Akan,aka,2015,737
Akan,aka,2016,801
Akan,aka,2017,841
Akan,aka,2018,904
Akan,aka,2019,957
Akan,aka,2020,1011
Akan,aka,2021,1067
Akan,aka,2022,1126
Akan,aka,2023,1236
Akan,aka,2024,1358
Akan,aka,2025,1446
Albanian,als,1992,128
Albanian,als,1993,1684
Albanian,als,1994,1843
Albanian,als,1995,1913
Albanian,als,1996,2116
Albanian,als,1997,2248
Albanian,als,1998,2445
Albanian,als,1999,2919
Albanian,als,2000,3187
Albanian,als,2001,3894
Albanian,als,2002,4127
Albanian,als,2003,4380
Albanian,als,2004,4646
Albanian,als,2005,4903
Albanian,als,2006,5237
Albanian,als,2007,5599
Albanian,als,2008,6144
Albanian,als,2009,6570
Albanian,als,2010,6938
Albanian,als,2011,7227
Albanian,als,2012,7562
Albanian,als,2013,8025
Albanian,als,2014,8558
Albanian,als,2015,9032
Albanian,als,2016,9567
Albanian,als,2017,10156
Albanian,als,2018,10768
Albanian,als,2019,11584
Albanian,als,2020,12466
Albanian,als,2021,13639
Albanian,als,2022,15380
Albanian,als,2023,17555
Albanian,als,2024,18838
Albanian,als,2025,19365
Amharic,amh,1990,10
Amharic,amh,1991,27
Amharic,amh,1992,61
Amharic,amh,1993,100
Amharic,amh,1994,110
Amharic,amh,1995,128
Amharic,amh,1996,141
Amharic,amh,1997,165
Amharic,amh,1998,177
Amharic,amh,1999,202
Amharic,amh,2000,208
Amharic,amh,2001,227
Amharic,amh,2002,263
Amharic,amh,2003,292
Amharic,amh,2004,334
Amharic,amh,2005,367
Amharic,amh,2006,427
Amharic,amh,2007,525
Amharic,amh,2008,684
Amharic,amh,2009,777
Amharic,amh,2010,836
Amharic,amh,2011,924
Amharic,amh,2012,1014
Amharic,amh,2013,1116
Amharic,amh,2014,1196
Amharic,amh,2015,1248
Amharic,amh,2016,1329
Amharic,amh,2017,1378
Amharic,amh,2018,1448
Amharic,amh,2019,1475
Amharic,amh,2020,1551
Amharic,amh,2021,1604
Amharic,amh,2022,1707
Amharic,amh,2023,1950
Amharic,amh,2024,2150
Amharic,amh,2025,2467
Arabic,arb,1990,899
Arabic,arb,1991,1333
Arabic,arb,1992,1786
Arabic,arb,1993,2078
Arabic,arb,1994,2284
Arabic,arb,1995,2667
Arabic,arb,1996,3078
Arabic,arb,1997,3649
Arabic,arb,1998,3992
Arabic,arb,1999,4356
Arabic,arb,2000,4639
Arabic,arb,2001,5049
Arabic,arb,2002,5408
Arabic,arb,2003,5817
Arabic,arb,2004,6370
Arabic,arb,2005,6875
Arabic,arb,2006,7318
Arabic,arb,2007,7840
Arabic,arb,2008,8522
Arabic,arb,2009,9381
Arabic,arb,2010,10084
Arabic,arb,2011,10922
Arabic,arb,2012,11692
Arabic,arb,2013,12820
Arabic,arb,2014,14456
Arabic,arb,2015,16373
Arabic,arb,2016,21432
Arabic,arb,2017,26131
Arabic,arb,2018,29103
Arabic,arb,2019,31550
Arabic,arb,2020,33902
Arabic,arb,2021,36051
Arabic,arb,2022,38681
Arabic,arb,2023,40920
Arabic,arb,2024,43106
Arabic,arb,2025,44527
Armenian,hye,1992,14
Armenian,hye,1993,15
Armenian,hye,1994,30
Armenian,hye,1995,40
Armenian,hye,1996,41
Armenian,hye,1997,30
Armenian,hye,1998,45
Armenian,hye,1999,50
Armenian,hye,2000,55
Armenian,hye,2001,75
Armenian,hye,2002,85
Armenian,hye,2003,109
Armenian,hye,2004,107
Armenian,hye,2005,115
Armenian,hye,2006,126
Armenian,hye,2007,127
Armenian,hye,2008,126
Armenian,hye,2009,145
Armenian,hye,2010,153
Armenian,hye,2011,156
Armenian,hye,2012,175
Armenian,hye,2013,183
Armenian,hye,2014,177
Armenian,hye,2015,197
Armenian,hye,2016,196
Armenian,hye,2017,202
Armenian,hye,2018,200
Armenian,hye,2019,200
Armenian,hye,2020,210
Armenian,hye,2021,237
Armenian,hye,2022,246
Armenian,hye,2023,245
Armenian,hye,2024,267
Armenian,hye,2025,261
Assamese,asm,2022,11
Assamese,asm,2023,10
Assamese,asm,2024,12
Assamese,asm,2025,26
Avaric,ava,2022,11
Avaric,ava,2023,11
Avaric,ava,2024,10
Avaric,ava,2025,14
Azerbaijani,azj,1992,45
Azerbaijani,azj,1993,51
Azerbaijani,azj,1994,55
Azerbaijani,azj,1995,54
Azerbaijani,azj,1996,54
Azerbaijani,azj,1997,76
Azerbaijani,azj,1998,79
Azerbaijani,azj,1999,75
Azerbaijani,azj,2000,83
Azerbaijani,azj,2001,101
Azerbaijani,azj,2002,108
Azerbaijani,azj,2003,132
Azerbaijani,azj,2004,157
Azerbaijani,azj,2005,213
Azerbaijani,azj,2006,221
Azerbaijani,azj,2007,236
Azerbaijani,azj,2008,242
Azerbaijani,azj,2009,244
Azerbaijani,azj,2010,247
Azerbaijani,azj,2011,260
Azerbaijani,azj,2012,295
Azerbaijani,azj,2013,304
Azerbaijani,azj,2014,306
Azerbaijani,azj,2015,318
Azerbaijani,azj,2016,349
Azerbaijani,azj,2017,391
Azerbaijani,azj,2018,427
Azerbaijani,azj,2019,442
Azerbaijani,azj,2020,454
Azerbaijani,azj,2021,478
Azerbaijani,azj,2022,527
Azerbaijani,azj,2023,600
Azerbaijani,azj,2024,628
Azerbaijani,azj,2025,635
Bambara,bam,2022,10
Bambara,bam,2024,12
Bambara,bam,2025,18
Basque,eus,2011,12
Basque,eus,2012,12
Basque,eus,2013,14
Basque,eus,2014,15
Basque,eus,2015,15
Basque,eus,2016,16
Basque,eus,2017,16
Basque,eus,2018,10
Basque,eus,2019,10
Basque,eus,2020,11
Basque,eus,2021,11
Basque,eus,2023,10
Basque,eus,2024,11
Belarusian,bel,2003,11
Belarusian,bel,2004,12
Belarusian,bel,2005,13
Belarusian,bel,2006,18
Belarusian,bel,2007,24
Belarusian,bel,2008,38
Belarusian,bel,2009,42
Belarusian,bel,2010,44
Belarusian,bel,2011,60
Belarusian,bel,2012,64
Belarusian,bel,2013,68
Belarusian,bel,2014,81
Belarusian,bel,2015,91
Belarusian,bel,2016,85
Belarusian,bel,2017,94
Belarusian,bel,2018,105
Belarusian,bel,2019,114
Belarusian,bel,2020,132
Belarusian,bel,2021,142
Belarusian,bel,2022,179
Belarusian,bel,2023,213
Belarusian,bel,2024,258
Belarusian,bel,2025,277
"Bengali, (Bangla)",ben,1990,52
"Bengali, (Bangla)",ben,1991,98
"Bengali, (Bangla)",ben,1992,227
"Bengali, (Bangla)",ben,1993,265
"Bengali, (Bangla)",ben,1994,294
"Bengali, (Bangla)",ben,1995,333
"Bengali, (Bangla)",ben,1996,339
"Bengali, (Bangla)",ben,1997,364
"Bengali, (Bangla)",ben,1998,401
"Bengali, (Bangla)",ben,1999,443
"Bengali, (Bangla)",ben,2000,481
"Bengali, (Bangla)",ben,2001,543
"Bengali, (Bangla)",ben,2002,616
"Bengali, (Bangla)",ben,2003,700
"Bengali, (Bangla)",ben,2004,767
"Bengali, (Bangla)",ben,2005,864
"Bengali, (Bangla)",ben,2006,950
"Bengali, (Bangla)",ben,2007,1117
"Bengali, (Bangla)",ben,2008,1299
"Bengali, (Bangla)",ben,2009,1511
"Bengali, (Bangla)",ben,2010,1693
"Bengali, (Bangla)",ben,2011,1900
"Bengali, (Bangla)",ben,2012,2091
"Bengali, (Bangla)",ben,2013,2280
"Bengali, (Bangla)",ben,2014,2484
"Bengali, (Bangla)",ben,2015,2764
"Bengali, (Bangla)",ben,2016,3082
"Bengali, (Bangla)",ben,2017,3449
"Bengali, (Bangla)",ben,2018,3834
"Bengali, (Bangla)",ben,2019,4301
"Bengali, (Bangla)",ben,2020,4605
"Bengali, (Bangla)",ben,2021,4985
"Bengali, (Bangla)",ben,2022,6226
"Bengali, (Bangla)",ben,2023,8757
"Bengali, (Bangla)",ben,2024,11418
"Bengali, (Bangla)",ben,2025,13857
Bosnian,bos,2002,862
Bosnian,bos,2003,963
Bosnian,bos,2004,1054
Bosnian,bos,2005,1125
Bosnian,bos,2006,1215
Bosnian,bos,2007,1352
Bosnian,bos,2008,1505
Bosnian,bos,2009,1615
Bosnian,bos,2010,1691
Bosnian,bos,2011,1743
Bosnian,bos,2012,1802
Bosnian,bos,2013,1877
Bosnian,bos,2014,1966
Bosnian,bos,2015,2069
Bosnian,bos,2016,2120
Bosnian,bos,2017,2200
Bosnian,bos,2018,2241
Bosnian,bos,2019,2296
Bosnian,bos,2020,2320
Bosnian,bos,2021,2348
Bosnian,bos,2022,2380
Bosnian,bos,2023,2373
Bosnian,bos,2024,2355
Bosnian,bos,2025,2345
Bulgarian,bul,1990,138
Bulgarian,bul,1991,191
Bulgarian,bul,1992,232
Bulgarian,bul,1993,255
Bulgarian,bul,1994,270
Bulgarian,bul,1995,276
Bulgarian,bul,1996,276
Bulgarian,bul,1997,306
Bulgarian,bul,1998,321
Bulgarian,bul,1999,335
Bulgarian,bul,2000,352
Bulgarian,bul,2001,385
Bulgarian,bul,2002,414
Bulgarian,bul,2003,440
Bulgarian,bul,2004,455
Bulgarian,bul,2005,479
Bulgarian,bul,2006,495
Bulgarian,bul,2007,590
Bulgarian,bul,2008,700
Bulgarian,bul,2009,801
Bulgarian,bul,2010,896
Bulgarian,bul,2011,1136
Bulgarian,bul,2012,1356
Bulgarian,bul,2013,1591
Bulgarian,bul,2014,1847
Bulgarian,bul,2015,2023
Bulgarian,bul,2016,2164
Bulgarian,bul,2017,2361
Bulgarian,bul,2018,2545
Bulgarian,bul,2019,2642
Bulgarian,bul,2020,2814
Bulgarian,bul,2021,2982
Bulgarian,bul,2022,3208
Bulgarian,bul,2023,3323
Bulgarian,bul,2024,3318
Bulgarian,bul,2025,3257
Burmese,mya,2000,38
Burmese,mya,2001,76
Burmese,mya,2002,72
Burmese,mya,2003,74
Burmese,mya,2004,75
Burmese,mya,2005,128
Burmese,mya,2006,266
Burmese,mya,2007,355
Burmese,mya,2008,436
Burmese,mya,2009,456
Burmese,mya,2010,488
Burmese,mya,2011,499
Burmese,mya,2012,507
Burmese,mya,2013,529
Burmese,mya,2014,538
Burmese,mya,2015,556
Burmese,mya,2016,554
Burmese,mya,2017,555
Burmese,mya,2018,580
Burmese,mya,2019,600
Burmese,mya,2020,589
Burmese,mya,2021,616
Burmese,mya,2022,703
Burmese,mya,2023,1002
Burmese,mya,2024,1672
Burmese,mya,2025,2291
Catalan,cat,2002,12
Catalan,cat,2003,13
Catalan,cat,2005,11
Catalan,cat,2006,19
Catalan,cat,2007,28
Catalan,cat,2008,24
Catalan,cat,2009,22
Catalan,cat,2010,21
Catalan,cat,2011,23
Catalan,cat,2012,27
Catalan,cat,2013,33
Catalan,cat,2014,42
Catalan,cat,2015,44
Catalan,cat,2016,47
Catalan,cat,2017,51
Catalan,cat,2018,59
Catalan,cat,2019,81
Catalan,cat,2020,67
Catalan,cat,2021,81
Catalan,cat,2022,91
Catalan,cat,2023,98
Catalan,cat,2024,104
Catalan,cat,2025,108
Central Khmer,khm,1991,46
Central Khmer,khm,1992,49
Central Khmer,khm,1993,59
Central Khmer,khm,1994,63
Central Khmer,khm,1995,55
Central Khmer,khm,1996,57
Central Khmer,khm,1997,60
Central Khmer,khm,1998,75
Central Khmer,khm,1999,80
Central Khmer,khm,2000,93
Central Khmer,khm,2001,94
Central Khmer,khm,2002,89
Central Khmer,khm,2003,107
Central Khmer,khm,2004,141
Central Khmer,khm,2005,161
Central Khmer,khm,2006,165
Central Khmer,khm,2007,194
Central Khmer,khm,2008,197
Central Khmer,khm,2009,203
Central Khmer,khm,2010,204
Central Khmer,khm,2011,209
Central Khmer,khm,2012,220
Central Khmer,khm,2013,212
Central Khmer,khm,2014,230
Central Khmer,khm,2015,241
Central Khmer,khm,2016,253
Central Khmer,khm,2017,253
Central Khmer,khm,2018,268
Central Khmer,khm,2019,284
Central Khmer,khm,2020,291
Central Khmer,khm,2021,289
Central Khmer,khm,2022,288
Central Khmer,khm,2023,298
Central Khmer,khm,2024,300
Central Khmer,khm,2025,316
Chechen,che,2003,22
Chechen,che,2004,64
Chechen,che,2005,102
Chechen,che,2006,129
Chechen,che,2007,145
Chechen,che,2008,206
Chechen,che,2009,240
Chechen,che,2010,279
Chechen,che,2011,334
Chechen,che,2012,394
Chechen,che,2013,443
Chechen,che,2014,519
Chechen,che,2015,548
Chechen,che,2016,557
Chechen,che,2017,593
Chechen,che,2018,620
Chechen,che,2019,640
Chechen,che,2020,640
Chechen,che,2021,675
Chechen,che,2022,734
Chechen,che,2023,784
Chechen,che,2024,844
Chechen,che,2025,936
"Chichewa, Chewa, Nyanja",nya,2022,50
"Chichewa, Chewa, Nyanja",nya,2023,65
"Chichewa, Chewa, Nyanja",nya,2024,92
"Chichewa, Chewa, Nyanja",nya,2025,74
Chinese,cmn,1990,729
Chinese,cmn,1991,1146
Chinese,cmn,1992,1386
Chinese,cmn,1993,1675
Chinese,cmn,1994,1919
Chinese,cmn,1995,2077
Chinese,cmn,1996,2115
Chinese,cmn,1997,2301
Chinese,cmn,1998,2521
Chinese,cmn,1999,2718
Chinese,cmn,2000,2729
Chinese,cmn,2001,3055
Chinese,cmn,2002,3241
Chinese,cmn,2003,3635
Chinese,cmn,2004,4007
Chinese,cmn,2005,4411
Chinese,cmn,2006,4915
Chinese,cmn,2007,5529
Chinese,cmn,2008,6228
Chinese,cmn,2009,6838
Chinese,cmn,2010,7290
Chinese,cmn,2011,7994
Chinese,cmn,2012,8554
Chinese,cmn,2013,9182
Chinese,cmn,2014,9801
Chinese,cmn,2015,10417
Chinese,cmn,2016,10992
Chinese,cmn,2017,11498
Chinese,cmn,2018,12093
Chinese,cmn,2019,12719
Chinese,cmn,2020,13467
Chinese,cmn,2021,14455
Chinese,cmn,2022,15386
Chinese,cmn,2023,17155
Chinese,cmn,2024,18907
Chinese,cmn,2025,19906
Croatian,hrv,1999,28
Croatian,hrv,2000,28
Croatian,hrv,2001,44
Croatian,hrv,2002,45
Croatian,hrv,2003,46
Croatian,hrv,2004,44
Croatian,hrv,2005,49
Croatian,hrv,2006,54
Croatian,hrv,2007,69
Croatian,hrv,2008,71
Croatian,hrv,2009,70
Croatian,hrv,2010,77
Croatian,hrv,2011,84
Croatian,hrv,2012,103
Croatian,hrv,2013,128
Croatian,hrv,2014,158
Croatian,hrv,2015,195
Croatian,hrv,2016,195
Croatian,hrv,2017,242
Croatian,hrv,2018,260
Croatian,hrv,2019,285
Croatian,hrv,2020,306
Croatian,hrv,2021,301
Croatian,hrv,2022,310
Croatian,hrv,2023,344
Croatian,hrv,2024,320
Croatian,hrv,2025,333
Czech,ces,1990,103
Czech,ces,1991,125
Czech,ces,1992,113
Czech,ces,1993,93
Czech,ces,1994,79
Czech,ces,1995,82
Czech,ces,1996,77
Czech,ces,1997,83
Czech,ces,1998,113
Czech,ces,1999,141
Czech,ces,2000,173
Czech,ces,2001,198
Czech,ces,2002,187
Czech,ces,2003,207
Czech,ces,2004,197
Czech,ces,2005,209
Czech,ces,2006,247
Czech,ces,2007,246
Czech,ces,2008,251
Czech,ces,2009,280
Czech,ces,2010,290
Czech,ces,2011,326
Czech,ces,2012,371
Czech,ces,2013,404
Czech,ces,2014,430
Czech,ces,2015,462
Czech,ces,2016,481
Czech,ces,2017,517
Czech,ces,2018,524
Czech,ces,2019,553
Czech,ces,2020,619
Czech,ces,2021,610
Czech,ces,2022,649
Czech,ces,2023,673
Czech,ces,2024,727
Czech,ces,2025,746
Danish,dan,1990,162
Danish,dan,1991,186
Danish,dan,1992,140
Danish,dan,1993,137
Danish,dan,1994,135
Danish,dan,1995,149
Danish,dan,1996,138
Danish,dan,1997,199
Danish,dan,1998,216
Danish,dan,1999,236
Danish,dan,2000,223
Danish,dan,2001,226
Danish,dan,2002,243
Danish,dan,2003,262
Danish,dan,2004,263
Danish,dan,2005,299
Danish,dan,2006,283
Danish,dan,2007,266
Danish,dan,2008,245
Danish,dan,2009,251
Danish,dan,2010,261
Danish,dan,2011,279
Danish,dan,2012,290
Danish,dan,2013,296
Danish,dan,2014,315
Danish,dan,2015,335
Danish,dan,2016,372
Danish,dan,2017,401
Danish,dan,2018,426
Danish,dan,2019,433
Danish,dan,2020,432
Danish,dan,2021,440
Danish,dan,2022,447
Danish,dan,2023,455
Danish,dan,2024,490
Danish,dan,2025,475
Dutch,nld,1990,119
Dutch,nld,1991,114
Dutch,nld,1992,144
Dutch,nld,1993,155
Dutch,nld,1994,180
Dutch,nld,1995,193
Dutch,nld,1996,247
Dutch,nld,1997,285
Dutch,nld,1998,327
Dutch,nld,1999,342
Dutch,nld,2000,365
Dutch,nld,2001,414
Dutch,nld,2002,466
Dutch,nld,2003,519
Dutch,nld,2004,587
Dutch,nld,2005,644
Dutch,nld,2006,695
Dutch,nld,2007,750
Dutch,nld,2008,789
Dutch,nld,2009,824
Dutch,nld,2010,851
Dutch,nld,2011,935
Dutch,nld,2012,979
Dutch,nld,2013,1026
Dutch,nld,2014,1052
Dutch,nld,2015,1130
Dutch,nld,2016,1149
Dutch,nld,2017,1216
Dutch,nld,2018,1220
Dutch,nld,2019,1345
Dutch,nld,2020,1436
Dutch,nld,2021,1614
Dutch,nld,2022,1733
Dutch,nld,2023,1800
Dutch,nld,2024,1848
Dutch,nld,2025,1934
English,eng,1990,3111
English,eng,1991,3660
English,eng,1992,4019
English,eng,1993,4240
English,eng,1994,4488
English,eng,1995,4836
English,eng,1996,5016
English,eng,1997,5386
English,eng,1998,5833
English,eng,1999,6272
English,eng,2000,6424
English,eng,2001,6886
English,eng,2002,7231
English,eng,2003,7628
English,eng,2004,7769
English,eng,2005,8356
English,eng,2006,9067
English,eng,2007,9972
English,eng,2008,10719
English,eng,2009,11484
English,eng,2010,12240
English,eng,2011,13198
English,eng,2012,14037
English,eng,2013,14972
English,eng,2014,16126
English,eng,2015,17226
English,eng,2016,18150
English,eng,2017,19033
English,eng,2018,20088
English,eng,2019,21481
English,eng,2020,22902
English,eng,2021,24997
English,eng,2022,28769
English,eng,2023,33148
English,eng,2024,36383
English,eng,2025,38504
Estonian,ekk,1990,1095
Estonian,ekk,1991,3548
Estonian,ekk,1992,5331
Estonian,ekk,1993,6709
Estonian,ekk,1994,7506
Estonian,ekk,1995,8062
Estonian,ekk,1996,8233
Estonian,ekk,1997,8642
Estonian,ekk,1998,9022
Estonian,ekk,1999,9359
Estonian,ekk,2000,9530
Estonian,ekk,2001,10441
Estonian,ekk,2002,11323
Estonian,ekk,2003,12184
Estonian,ekk,2004,13195
Estonian,ekk,2005,14838
Estonian,ekk,2006,16991
Estonian,ekk,2007,19314
Estonian,ekk,2008,21846
Estonian,ekk,2009,24591
Estonian,ekk,2010,27982
Estonian,ekk,2011,32611
Estonian,ekk,2012,37943
Estonian,ekk,2013,42531
Estonian,ekk,2014,45742
Estonian,ekk,2015,47629
Estonian,ekk,2016,48789
Estonian,ekk,2017,49113
Estonian,ekk,2018,49247
Estonian,ekk,2019,49017
Estonian,ekk,2020,49117
Estonian,ekk,2021,49791
Estonian,ekk,2022,49900
Estonian,ekk,2023,49750
Estonian,ekk,2024,49114
Estonian,ekk,2025,48029
Ewe,ewe,2002,10
Ewe,ewe,2003,10
Ewe,ewe,2004,11
Ewe,ewe,2005,11
Ewe,ewe,2006,13
Ewe,ewe,2007,13
Ewe,ewe,2008,14
Ewe,ewe,2009,13
Ewe,ewe,2010,13
Ewe,ewe,2011,14
Ewe,ewe,2012,40
Ewe,ewe,2013,33
Ewe,ewe,2014,46
Ewe,ewe,2015,50
Ewe,ewe,2016,50
Ewe,ewe,2017,59
Ewe,ewe,2018,58
Ewe,ewe,2019,69
Ewe,ewe,2020,67
Ewe,ewe,2021,76
Ewe,ewe,2022,92
Ewe,ewe,2023,99
Ewe,ewe,2024,116
Ewe,ewe,2025,122
Finnish,fin,1990,4675198
Finnish,fin,1991,4694923
Finnish,fin,1992,4712907
Finnish,fin,1993,4727277
Finnish,fin,1994,4742383
Finnish,fin,1995,4754782
Finnish,fin,1996,4765430
Finnish,fin,1997,4773571
Finnish,fin,1998,4778598
Finnish,fin,1999,4783218
Finnish,fin,2000,4788491
Finnish,fin,2001,4793192
Finnish,fin,2002,4797303
Finnish,fin,2003,4803335
Finnish,fin,2004,4811937
Finnish,fin,2005,4819819
Finnish,fin,2006,4828739
Finnish,fin,2007,4836175
Finnish,fin,2008,4844047
Finnish,fin,2009,4852209
Finnish,fin,2010,4857894
Finnish,fin,2011,4863346
Finnish,fin,2012,4866843
Finnish,fin,2013,4869357
Finnish,fin,2014,4868746
Finnish,fin,2015,4865623
Finnish,fin,2016,4857793
Finnish,fin,2017,4848759
Finnish,fin,2018,4835776
Finnish,fin,2019,4822688
Finnish,fin,2020,4811064
Finnish,fin,2021,4800240
Finnish,fin,2022,4778882
Finnish,fin,2023,4757470
Finnish,fin,2024,4738380
Finnish,fin,2025,4719798
French,fra,1990,487
French,fra,1991,574
French,fra,1992,615
French,fra,1993,673
French,fra,1994,723
French,fra,1995,847
French,fra,1996,878
French,fra,1997,1054
French,fra,1998,1198
French,fra,1999,1312
French,fra,2000,1353
French,fra,2001,1447
French,fra,2002,1479
French,fra,2003,1604
French,fra,2004,1629
French,fra,2005,1767
French,fra,2006,1986
French,fra,2007,2240
French,fra,2008,2424
French,fra,2009,2469
French,fra,2010,2646
French,fra,2011,2825
French,fra,2012,3014
French,fra,2013,3209
French,fra,2014,3410
French,fra,2015,3535
French,fra,2016,3783
French,fra,2017,3889
French,fra,2018,4054
French,fra,2019,4345
French,fra,2020,4651
French,fra,2021,4966
French,fra,2022,5171
French,fra,2023,5395
French,fra,2024,5598
French,fra,2025,5691
"Fula, Fulah, Pulaar, Pular",fuc,2005,10
"Fula, Fulah, Pulaar, Pular",fuc,2006,12
"Fula, Fulah, Pulaar, Pular",fuc,2007,19
"Fula, Fulah, Pulaar, Pular",fuc,2008,20
"Fula, Fulah, Pulaar, Pular",fuc,2009,23
"Fula, Fulah, Pulaar, Pular",fuc,2010,28
"Fula, Fulah, Pulaar, Pular",fuc,2011,34
"Fula, Fulah, Pulaar, Pular",fuc,2012,41
"Fula, Fulah, Pulaar, Pular",fuc,2013,48
"Fula, Fulah, Pulaar, Pular",fuc,2014,49
"Fula, Fulah, Pulaar, Pular",fuc,2015,53
"Fula, Fulah, Pulaar, Pular",fuc,2016,81
"Fula, Fulah, Pulaar, Pular",fuc,2017,88
"Fula, Fulah, Pulaar, Pular",fuc,2018,93
"Fula, Fulah, Pulaar, Pular",fuc,2019,114
"Fula, Fulah, Pulaar, Pular",fuc,2020,126
"Fula, Fulah, Pulaar, Pular",fuc,2021,130
"Fula, Fulah, Pulaar, Pular",fuc,2022,143
"Fula, Fulah, Pulaar, Pular",fuc,2023,160
"Fula, Fulah, Pulaar, Pular",fuc,2024,175
"Fula, Fulah, Pulaar, Pular",fuc,2025,195
Ganda,lug,2007,11
Ganda,lug,2008,22
Ganda,lug,2009,23
Ganda,lug,2010,36
Ganda,lug,2011,30
Ganda,lug,2012,28
Ganda,lug,2013,46
Ganda,lug,2014,48
Ganda,lug,2015,59
Ganda,lug,2016,63
Ganda,lug,2017,81
Ganda,lug,2018,83
Ganda,lug,2019,83
Ganda,lug,2020,99
Ganda,lug,2021,106
Ganda,lug,2022,128
Ganda,lug,2023,135
Ganda,lug,2024,143
Ganda,lug,2025,175
Georgian,kat,1996,21
Georgian,kat,1997,23
Georgian,kat,1998,37
Georgian,kat,1999,40
Georgian,kat,2000,38
Georgian,kat,2001,52
Georgian,kat,2002,43
Georgian,kat,2003,54
Georgian,kat,2004,41
Georgian,kat,2005,45
Georgian,kat,2006,53
Georgian,kat,2007,66
Georgian,kat,2008,72
Georgian,kat,2009,74
Georgian,kat,2010,76
Georgian,kat,2011,72
Georgian,kat,2012,90
Georgian,kat,2013,84
Georgian,kat,2014,91
Georgian,kat,2015,106
Georgian,kat,2016,113
Georgian,kat,2017,128
Georgian,kat,2018,138
Georgian,kat,2019,149
Georgian,kat,2020,177
Georgian,kat,2021,186
Georgian,kat,2022,243
Georgian,kat,2023,286
Georgian,kat,2024,296
Georgian,kat,2025,330
German,deu,1990,1920
German,deu,1991,2004
German,deu,1992,2019
German,deu,1993,2058
German,deu,1994,2096
German,deu,1995,2257
German,deu,1996,2349
German,deu,1997,2468
German,deu,1998,2616
German,deu,1999,2706
German,deu,2000,2750
German,deu,2001,2856
German,deu,2002,3061
German,deu,2003,3203
German,deu,2004,3336
German,deu,2005,3545
German,deu,2006,3802
German,deu,2007,4241
German,deu,2008,4455
German,deu,2009,4647
German,deu,2010,4781
German,deu,2011,4944
German,deu,2012,5173
German,deu,2013,5275
German,deu,2014,5379
German,deu,2015,5490
German,deu,2016,5599
German,deu,2017,5526
German,deu,2018,5671
German,deu,2019,5938
German,deu,2020,6190
German,deu,2021,6631
German,deu,2022,6947
German,deu,2023,7182
German,deu,2024,7299
German,deu,2025,7335
Greek (modern),ell,1990,179
Greek (modern),ell,1991,200
Greek (modern),ell,1992,202
Greek (modern),ell,1993,208
Greek (modern),ell,1994,229
Greek (modern),ell,1995,260
Greek (modern),ell,1996,265
Greek (modern),ell,1997,278
Greek (modern),ell,1998,292
Greek (modern),ell,1999,301
Greek (modern),ell,2000,311
Greek (modern),ell,2001,331
Greek (modern),ell,2002,340
Greek (modern),ell,2003,371
Greek (modern),ell,2004,372
Greek (modern),ell,2005,383
Greek (modern),ell,2006,412
Greek (modern),ell,2007,424
Greek (modern),ell,2008,452
Greek (modern),ell,2009,467
Greek (modern),ell,2010,512
Greek (modern),ell,2011,575
Greek (modern),ell,2012,661
Greek (modern),ell,2013,788
Greek (modern),ell,2014,930
Greek (modern),ell,2015,1000
Greek (modern),ell,2016,1268
Greek (modern),ell,2017,1446
Greek (modern),ell,2018,1392
Greek (modern),ell,2019,1489
Greek (modern),ell,2020,1552
Greek (modern),ell,2021,1633
Greek (modern),ell,2022,1740
Greek (modern),ell,2023,1808
Greek (modern),ell,2024,1886
Greek (modern),ell,2025,1851
Gujarati,guj,2005,11
Gujarati,guj,2006,11
Gujarati,guj,2007,21
Gujarati,guj,2008,41
Gujarati,guj,2009,44
Gujarati,guj,2010,48
Gujarati,guj,2011,53
Gujarati,guj,2012,64
Gujarati,guj,2013,62
Gujarati,guj,2014,73
Gujarati,guj,2015,71
Gujarati,guj,2016,90
Gujarati,guj,2017,92
Gujarati,guj,2018,131
Gujarati,guj,2019,146
Gujarati,guj,2020,177
Gujarati,guj,2021,205
Gujarati,guj,2022,397
Gujarati,guj,2023,795
Gujarati,guj,2024,1008
Gujarati,guj,2025,1246
Hausa,hau,1999,13
Hausa,hau,2000,14
Hausa,hau,2001,15
Hausa,hau,2002,16
Hausa,hau,2003,17
Hausa,hau,2004,20
Hausa,hau,2005,20
Hausa,hau,2006,20
Hausa,hau,2007,24
Hausa,hau,2008,27
Hausa,hau,2009,35
Hausa,hau,2010,32
Hausa,hau,2011,52
Hausa,hau,2012,55
Hausa,hau,2013,77
Hausa,hau,2014,94
Hausa,hau,2015,109
Hausa,hau,2016,133
Hausa,hau,2017,138
Hausa,hau,2018,154
Hausa,hau,2019,156
Hausa,hau,2020,176
Hausa,hau,2021,169
Hausa,hau,2022,195
Hausa,hau,2023,232
Hausa,hau,2024,254
Hausa,hau,2025,272
Hebrew,heb,1990,81
Hebrew,heb,1991,115
Hebrew,heb,1992,129
Hebrew,heb,1993,140
Hebrew,heb,1994,136
Hebrew,heb,1995,125
Hebrew,heb,1996,119
Hebrew,heb,1997,132
Hebrew,heb,1998,140
Hebrew,heb,1999,148
Hebrew,heb,2000,141
Hebrew,heb,2001,149
Hebrew,heb,2002,163
Hebrew,heb,2003,167
Hebrew,heb,2004,180
Hebrew,heb,2005,206
Hebrew,heb,2006,223
Hebrew,heb,2007,246
Hebrew,heb,2008,263
Hebrew,heb,2009,271
Hebrew,heb,2010,283
Hebrew,heb,2011,293
Hebrew,heb,2012,301
Hebrew,heb,2013,289
Hebrew,heb,2014,294
Hebrew,heb,2015,317
Hebrew,heb,2016,327
Hebrew,heb,2017,315
Hebrew,heb,2018,301
Hebrew,heb,2019,310
Hebrew,heb,2020,330
Hebrew,heb,2021,321
Hebrew,heb,2022,345
Hebrew,heb,2023,376
Hebrew,heb,2024,390
Hebrew,heb,2025,413
Hindi,hin,1990,107
Hindi,hin,1991,126
Hindi,hin,1992,138
Hindi,hin,1993,158
Hindi,hin,1994,171
Hindi,hin,1995,178
Hindi,hin,1996,205
Hindi,hin,1997,230
Hindi,hin,1998,266
Hindi,hin,1999,329
Hindi,hin,2000,364
Hindi,hin,2001,424
Hindi,hin,2002,495
Hindi,hin,2003,545
Hindi,hin,2004,598
Hindi,hin,2005,708
Hindi,hin,2006,772
Hindi,hin,2007,868
Hindi,hin,2008,961
Hindi,hin,2009,1103
Hindi,hin,2010,1183
Hindi,hin,2011,1276
Hindi,hin,2012,1334
Hindi,hin,2013,1441
Hindi,hin,2014,1644
Hindi,hin,2015,1780
Hindi,hin,2016,1856
Hindi,hin,2017,2020
Hindi,hin,2018,2245
Hindi,hin,2019,2595
Hindi,hin,2020,2787
Hindi,hin,2021,3072
Hindi,hin,2022,3617
Hindi,hin,2023,4226
Hindi,hin,2024,4883
Hindi,hin,2025,5343
Hungarian,hun,1990,399
Hungarian,hun,1991,474
Hungarian,hun,1992,492
Hungarian,hun,1993,491
Hungarian,hun,1994,509
Hungarian,hun,1995,524
Hungarian,hun,1996,511
Hungarian,hun,1997,550
Hungarian,hun,1998,614
Hungarian,hun,1999,762
Hungarian,hun,2000,869
Hungarian,hun,2001,956
Hungarian,hun,2002,939
Hungarian,hun,2003,920
Hungarian,hun,2004,885
Hungarian,hun,2005,973
Hungarian,hun,2006,1005
Hungarian,hun,2007,1201
Hungarian,hun,2008,1397
Hungarian,hun,2009,1507
Hungarian,hun,2010,1638
Hungarian,hun,2011,1851
Hungarian,hun,2012,1962
Hungarian,hun,2013,2201
Hungarian,hun,2014,2326
Hungarian,hun,2015,2472
Hungarian,hun,2016,2536
Hungarian,hun,2017,2527
Hungarian,hun,2018,2582
Hungarian,hun,2019,2627
Hungarian,hun,2020,2731
Hungarian,hun,2021,2834
Hungarian,hun,2022,2992
Hungarian,hun,2023,3210
Hungarian,hun,2024,3382
Hungarian,hun,2025,3418
Icelandic,isl,1990,27
Icelandic,isl,1991,35
Icelandic,isl,1992,41
Icelandic,isl,1993,38
Icelandic,isl,1994,55
Icelandic,isl,1995,65
Icelandic,isl,1996,31
Icelandic,isl,1997,36
Icelandic,isl,1998,40
Icelandic,isl,1999,62
Icelandic,isl,2000,73
Icelandic,isl,2001,58
Icelandic,isl,2002,56
Icelandic,isl,2003,50
Icelandic,isl,2004,48
Icelandic,isl,2005,40
Icelandic,isl,2006,43
Icelandic,isl,2007,59
Icelandic,isl,2008,57
Icelandic,isl,2009,69
Icelandic,isl,2010,66
Icelandic,isl,2011,70
Icelandic,isl,2012,72
Icelandic,isl,2013,67
Icelandic,isl,2014,83
Icelandic,isl,2015,76
Icelandic,isl,2016,86
Icelandic,isl,2017,78
Icelandic,isl,2018,70
Icelandic,isl,2019,75
Icelandic,isl,2020,73
Icelandic,isl,2021,87
Icelandic,isl,2022,80
Icelandic,isl,2023,80
Icelandic,isl,2024,91
Icelandic,isl,2025,88
Ido,ido,2024,10
Igbo,ibo,1999,32
Igbo,ibo,2000,37
Igbo,ibo,2001,52
Igbo,ibo,2002,56
Igbo,ibo,2003,71
Igbo,ibo,2004,87
Igbo,ibo,2005,118
Igbo,ibo,2006,172
Igbo,ibo,2007,220
Igbo,ibo,2008,257
Igbo,ibo,2009,283
Igbo,ibo,2010,309
Igbo,ibo,2011,349
Igbo,ibo,2012,397
Igbo,ibo,2013,427
Igbo,ibo,2014,493
Igbo,ibo,2015,591
Igbo,ibo,2016,646
Igbo,ibo,2017,663
Igbo,ibo,2018,721
Igbo,ibo,2019,797
Igbo,ibo,2020,831
Igbo,ibo,2021,939
Igbo,ibo,2022,1075
Igbo,ibo,2023,1311
Igbo,ibo,2024,1570
Igbo,ibo,2025,1840
Indonesian,ind,1992,14
Indonesian,ind,1993,15
Indonesian,ind,1994,14
Indonesian,ind,1995,16
Indonesian,ind,1996,23
Indonesian,ind,1997,21
Indonesian,ind,1998,24
Indonesian,ind,1999,38
Indonesian,ind,2000,42
Indonesian,ind,2001,62
Indonesian,ind,2002,63
Indonesian,ind,2003,79
Indonesian,ind,2004,114
Indonesian,ind,2005,135
Indonesian,ind,2006,131
Indonesian,ind,2007,130
Indonesian,ind,2008,136
Indonesian,ind,2009,161
Indonesian,ind,2010,189
Indonesian,ind,2011,213
Indonesian,ind,2012,233
Indonesian,ind,2013,275
Indonesian,ind,2014,316
Indonesian,ind,2015,322
Indonesian,ind,2016,366
Indonesian,ind,2017,423
Indonesian,ind,2018,495
Indonesian,ind,2019,568
Indonesian,ind,2020,608
Indonesian,ind,2021,644
Indonesian,ind,2022,706
Indonesian,ind,2023,781
Indonesian,ind,2024,830
Indonesian,ind,2025,929
Irish,gle,2004,10
Irish,gle,2005,10
Irish,gle,2006,10
Irish,gle,2008,11
Italian,ita,1990,262
Italian,ita,1991,294
Italian,ita,1992,312
Italian,ita,1993,354
Italian,ita,1994,375
Italian,ita,1995,416
Italian,ita,1996,451
Italian,ita,1997,474
Italian,ita,1998,549
Italian,ita,1999,626
Italian,ita,2000,643
Italian,ita,2001,688
Italian,ita,2002,736
Italian,ita,2003,805
Italian,ita,2004,863
Italian,ita,2005,950
Italian,ita,2006,1044
Italian,ita,2007,1167
Italian,ita,2008,1268
Italian,ita,2009,1353
Italian,ita,2010,1418
Italian,ita,2011,1507
Italian,ita,2012,1684
Italian,ita,2013,1790
Italian,ita,2014,1989
Italian,ita,2015,2201
Italian,ita,2016,2356
Italian,ita,2017,2509
Italian,ita,2018,2597
Italian,ita,2019,2708
Italian,ita,2020,2850
Italian,ita,2021,3085
Italian,ita,2022,3206
Italian,ita,2023,3367
Italian,ita,2024,3566
Italian,ita,2025,3660
Japanese,jpn,1990,180
Japanese,jpn,1991,194
Japanese,jpn,1992,226
Japanese,jpn,1993,220
Japanese,jpn,1994,236
Japanese,jpn,1995,259
Japanese,jpn,1996,301
Japanese,jpn,1997,337
Japanese,jpn,1998,385
Japanese,jpn,1999,415
Japanese,jpn,2000,432
Japanese,jpn,2001,507
Japanese,jpn,2002,526
Japanese,jpn,2003,550
Japanese,jpn,2004,555
Japanese,jpn,2005,637
Japanese,jpn,2006,707
Japanese,jpn,2007,794
Japanese,jpn,2008,830
Japanese,jpn,2009,874
Japanese,jpn,2010,900
Japanese,jpn,2011,937
Japanese,jpn,2012,968
Japanese,jpn,2013,997
Japanese,jpn,2014,983
Japanese,jpn,2015,1044
Japanese,jpn,2016,1105
Japanese,jpn,2017,1156
Japanese,jpn,2018,1283
Japanese,jpn,2019,1387
Japanese,jpn,2020,1442
Japanese,jpn,2021,1471
Japanese,jpn,2022,1554
Japanese,jpn,2023,1636
Japanese,jpn,2024,1736
Japanese,jpn,2025,1803
Kannada,kan,2003,21
Kannada,kan,2004,34
Kannada,kan,2005,48
Kannada,kan,2006,61
Kannada,kan,2007,75
Kannada,kan,2008,97
Kannada,kan,2009,96
Kannada,kan,2010,120
Kannada,kan,2011,129
Kannada,kan,2012,121
Kannada,kan,2013,142
Kannada,kan,2014,148
Kannada,kan,2015,148
Kannada,kan,2016,153
Kannada,kan,2017,147
Kannada,kan,2018,167
Kannada,kan,2019,232
Kannada,kan,2020,236
Kannada,kan,2021,251
Kannada,kan,2022,328
Kannada,kan,2023,404
Kannada,kan,2024,471
Kannada,kan,2025,521
Kashmiri,kas,2020,21
Kashmiri,kas,2021,21
Kashmiri,kas,2022,24
Kashmiri,kas,2023,29
Kashmiri,kas,2024,30
Kashmiri,kas,2025,39
Kazakh,kaz,2005,10
Kazakh,kaz,2006,11
Kazakh,kaz,2007,10
Kazakh,kaz,2009,10
Kazakh,kaz,2010,13
Kazakh,kaz,2011,17
Kazakh,kaz,2012,18
Kazakh,kaz,2013,18
Kazakh,kaz,2014,27
Kazakh,kaz,2015,29
Kazakh,kaz,2016,35
Kazakh,kaz,2017,58
Kazakh,kaz,2018,68
Kazakh,kaz,2019,88
Kazakh,kaz,2020,99
Kazakh,kaz,2021,115
Kazakh,kaz,2022,165
Kazakh,kaz,2023,229
Kazakh,kaz,2024,265
Kazakh,kaz,2025,263
Kikuyu,kik,2002,18
Kikuyu,kik,2003,38
Kikuyu,kik,2004,55
Kikuyu,kik,2005,74
Kikuyu,kik,2006,91
Kikuyu,kik,2007,109
Kikuyu,kik,2008,119
Kikuyu,kik,2009,129
Kikuyu,kik,2010,135
Kikuyu,kik,2011,142
Kikuyu,kik,2012,152
Kikuyu,kik,2013,158
Kikuyu,kik,2014,173
Kikuyu,kik,2015,186
Kikuyu,kik,2016,199
Kikuyu,kik,2017,194
Kikuyu,kik,2018,211
Kikuyu,kik,2019,200
Kikuyu,kik,2020,196
Kikuyu,kik,2021,221
Kikuyu,kik,2022,236
Kikuyu,kik,2023,253
Kikuyu,kik,2024,260
Kikuyu,kik,2025,258
Kinyarwanda,kin,1998,18
Kinyarwanda,kin,1999,18
Kinyarwanda,kin,2000,17
Kinyarwanda,kin,2001,17
Kinyarwanda,kin,2003,39
Kinyarwanda,kin,2004,40
Kinyarwanda,kin,2005,44
Kinyarwanda,kin,2006,43
Kinyarwanda,kin,2007,48
Kinyarwanda,kin,2008,160
Kinyarwanda,kin,2009,232
Kinyarwanda,kin,2010,347
Kinyarwanda,kin,2011,402
Kinyarwanda,kin,2012,610
Kinyarwanda,kin,2013,677
Kinyarwanda,kin,2014,790
Kinyarwanda,kin,2015,851
Kinyarwanda,kin,2016,896
Kinyarwanda,kin,2017,947
Kinyarwanda,kin,2018,992
Kinyarwanda,kin,2019,1051
Kinyarwanda,kin,2020,1127
Kinyarwanda,kin,2021,1178
Kinyarwanda,kin,2022,1340
Kinyarwanda,kin,2023,1501
Kinyarwanda,kin,2024,1736
Kinyarwanda,kin,2025,1944
Kirghiz,kir,2017,10
Kirghiz,kir,2018,23
Kirghiz,kir,2019,53
Kirghiz,kir,2020,64
Kirghiz,kir,2021,81
Kirghiz,kir,2022,230
Kirghiz,kir,2023,485
Kirghiz,kir,2024,605
Kirghiz,kir,2025,637
Kongo,kng,1994,17
Kongo,kng,1995,34
Kongo,kng,1996,38
Kongo,kng,1997,40
Kongo,kng,1998,37
Kongo,kng,1999,56
Kongo,kng,2000,64
Kongo,kng,2001,80
Kongo,kng,2002,80
Kongo,kng,2003,88
Kongo,kng,2004,110
Kongo,kng,2005,115
Kongo,kng,2006,119
Kongo,kng,2007,127
Kongo,kng,2008,131
Kongo,kng,2009,137
Kongo,kng,2010,137
Kongo,kng,2011,135
Kongo,kng,2012,143
Kongo,kng,2013,138
Kongo,kng,2014,141
Kongo,kng,2015,131
Kongo,kng,2016,128
Kongo,kng,2017,129
Kongo,kng,2018,124
Kongo,kng,2019,127
Kongo,kng,2020,125
Kongo,kng,2021,124
Kongo,kng,2022,120
Kongo,kng,2023,123
Kongo,kng,2024,116
Kongo,kng,2025,104
Korean,kor,1990,18
Korean,kor,1991,19
Korean,kor,1992,19
Korean,kor,1993,37
Korean,kor,1994,30
Korean,kor,1995,33
Korean,kor,1996,41
Korean,kor,1997,48
Korean,kor,1998,82
Korean,kor,1999,77
Korean,kor,2000,73
Korean,kor,2001,93
Korean,kor,2002,108
Korean,kor,2003,136
Korean,kor,2004,142
Korean,kor,2005,173
Korean,kor,2006,204
Korean,kor,2007,197
Korean,kor,2008,226
Korean,kor,2009,265
Korean,kor,2010,285
Korean,kor,2011,378
Korean,kor,2012,434
Korean,kor,2013,470
Korean,kor,2014,514
Korean,kor,2015,544
Korean,kor,2016,596
Korean,kor,2017,643
Korean,kor,2018,742
Korean,kor,2019,764
Korean,kor,2020,833
Korean,kor,2021,890
Korean,kor,2022,906
Korean,kor,2023,958
Korean,kor,2024,950
Korean,kor,2025,1004
Kurdish,ckb,1990,162
Kurdish,ckb,1991,263
Kurdish,ckb,1992,540
Kurdish,ckb,1993,835
Kurdish,ckb,1994,1077
Kurdish,ckb,1995,1320
Kurdish,ckb,1996,1616
Kurdish,ckb,1997,2031
Kurdish,ckb,1998,2330
Kurdish,ckb,1999,2752
Kurdish,ckb,2000,3010
Kurdish,ckb,2001,3372
Kurdish,ckb,2002,3798
Kurdish,ckb,2003,4175
Kurdish,ckb,2004,4589
Kurdish,ckb,2005,4931
Kurdish,ckb,2006,5249
Kurdish,ckb,2007,5643
Kurdish,ckb,2008,6197
Kurdish,ckb,2009,6875
Kurdish,ckb,2010,7730
Kurdish,ckb,2011,8322
Kurdish,ckb,2012,8980
Kurdish,ckb,2013,9752
Kurdish,ckb,2014,10426
Kurdish,ckb,2015,10979
Kurdish,ckb,2016,11899
Kurdish,ckb,2017,12963
Kurdish,ckb,2018,13735
Kurdish,ckb,2019,14481
Kurdish,ckb,2020,15076
Kurdish,ckb,2021,15523
Kurdish,ckb,2022,16301
Kurdish,ckb,2023,16978
Kurdish,ckb,2024,17595
Kurdish,ckb,2025,18121
Lao,lao,2023,10
Lao,lao,2024,10
Latvian,lvs,1992,13
Latvian,lvs,1993,18
Latvian,lvs,1994,25
Latvian,lvs,1995,26
Latvian,lvs,1996,26
Latvian,lvs,1997,30
Latvian,lvs,1998,37
Latvian,lvs,1999,49
Latvian,lvs,2000,51
Latvian,lvs,2001,96
Latvian,lvs,2002,91
Latvian,lvs,2003,120
Latvian,lvs,2004,153
Latvian,lvs,2005,189
Latvian,lvs,2006,200
Latvian,lvs,2007,255
Latvian,lvs,2008,332
Latvian,lvs,2009,400
Latvian,lvs,2010,531
Latvian,lvs,2011,673
Latvian,lvs,2012,747
Latvian,lvs,2013,813
Latvian,lvs,2014,961
Latvian,lvs,2015,1121
Latvian,lvs,2016,1266
Latvian,lvs,2017,1472
Latvian,lvs,2018,1716
Latvian,lvs,2019,1933
Latvian,lvs,2020,2260
Latvian,lvs,2021,2662
Latvian,lvs,2022,3127
Latvian,lvs,2023,3485
Latvian,lvs,2024,3611
Latvian,lvs,2025,3633
Lingala,lin,1993,18
Lingala,lin,1994,46
Lingala,lin,1995,54
Lingala,lin,1996,84
Lingala,lin,1997,135
Lingala,lin,1998,180
Lingala,lin,1999,198
Lingala,lin,2000,220
Lingala,lin,2001,254
Lingala,lin,2002,281
Lingala,lin,2003,316
Lingala,lin,2004,345
Lingala,lin,2005,383
Lingala,lin,2006,441
Lingala,lin,2007,483
Lingala,lin,2008,534
Lingala,lin,2009,581
Lingala,lin,2010,613
Lingala,lin,2011,653
Lingala,lin,2012,707
Lingala,lin,2013,741
Lingala,lin,2014,786
Lingala,lin,2015,798
Lingala,lin,2016,834
Lingala,lin,2017,827
Lingala,lin,2018,829
Lingala,lin,2019,844
Lingala,lin,2020,853
Lingala,lin,2021,859
Lingala,lin,2022,870
Lingala,lin,2023,909
Lingala,lin,2024,949
Lingala,lin,2025,961
Lithuanian,lit,1990,20
Lithuanian,lit,1991,20
Lithuanian,lit,1992,21
Lithuanian,lit,1993,24
Lithuanian,lit,1994,31
Lithuanian,lit,1995,38
Lithuanian,lit,1996,66
Lithuanian,lit,1997,88
Lithuanian,lit,1998,92
Lithuanian,lit,1999,104
Lithuanian,lit,2000,112
Lithuanian,lit,2001,151
Lithuanian,lit,2002,169
Lithuanian,lit,2003,180
Lithuanian,lit,2004,191
Lithuanian,lit,2005,245
Lithuanian,lit,2006,286
Lithuanian,lit,2007,339
Lithuanian,lit,2008,411
Lithuanian,lit,2009,428
Lithuanian,lit,2010,528
Lithuanian,lit,2011,595
Lithuanian,lit,2012,671
Lithuanian,lit,2013,742
Lithuanian,lit,2014,834
Lithuanian,lit,2015,936
Lithuanian,lit,2016,1013
Lithuanian,lit,2017,1098
Lithuanian,lit,2018,1164
Lithuanian,lit,2019,1241
Lithuanian,lit,2020,1318
Lithuanian,lit,2021,1408
Lithuanian,lit,2022,1527
Lithuanian,lit,2023,1626
Lithuanian,lit,2024,1727
Lithuanian,lit,2025,1689
Luba-Katanga,lub,2011,16
Luba-Katanga,lub,2012,17
Luba-Katanga,lub,2013,18
Luba-Katanga,lub,2014,28
Luba-Katanga,lub,2015,29
Luba-Katanga,lub,2016,22
Luba-Katanga,lub,2017,21
Luba-Katanga,lub,2018,17
Luba-Katanga,lub,2019,18
Luba-Katanga,lub,2020,24
Luba-Katanga,lub,2021,24
Luba-Katanga,lub,2022,15
Luba-Katanga,lub,2023,15
Luba-Katanga,lub,2024,24
Luba-Katanga,lub,2025,24
Macedonian,mkd,1993,28
Macedonian,mkd,1994,17
Macedonian,mkd,1995,18
Macedonian,mkd,1996,28
Macedonian,mkd,1997,30
Macedonian,mkd,1998,40
Macedonian,mkd,1999,45
Macedonian,mkd,2000,59
Macedonian,mkd,2001,65
Macedonian,mkd,2002,65
Macedonian,mkd,2003,70
Macedonian,mkd,2004,81
Macedonian,mkd,2005,86
Macedonian,mkd,2006,90
Macedonian,mkd,2007,98
Macedonian,mkd,2008,130
Macedonian,mkd,2009,142
Macedonian,mkd,2010,146
Macedonian,mkd,2011,160
Macedonian,mkd,2012,169
Macedonian,mkd,2013,178
Macedonian,mkd,2014,197
Macedonian,mkd,2015,207
Macedonian,mkd,2016,224
Macedonian,mkd,2017,236
Macedonian,mkd,2018,245
Macedonian,mkd,2019,264
Macedonian,mkd,2020,266
Macedonian,mkd,2021,290
Macedonian,mkd,2022,309
Macedonian,mkd,2023,331
Macedonian,mkd,2024,334
Macedonian,mkd,2025,328
Malay,zlm,2001,14
Malay,zlm,2002,13
Malay,zlm,2003,13
Malay,zlm,2004,14
Malay,zlm,2005,25
Malay,zlm,2006,28
Malay,zlm,2007,35
Malay,zlm,2008,48
Malay,zlm,2009,50
Malay,zlm,2010,56
Malay,zlm,2011,58
Malay,zlm,2012,59
Malay,zlm,2013,51
Malay,zlm,2014,54
Malay,zlm,2015,53
Malay,zlm,2016,58
Malay,zlm,2017,66
Malay,zlm,2018,98
Malay,zlm,2019,93
Malay,zlm,2020,105
Malay,zlm,2021,101
Malay,zlm,2022,124
Malay,zlm,2023,143
Malay,zlm,2024,153
Malay,zlm,2025,166
Malayalam,mal,1996,12
Malayalam,mal,1997,13
Malayalam,mal,1998,18
Malayalam,mal,1999,15
Malayalam,mal,2000,20
Malayalam,mal,2001,16
Malayalam,mal,2003,33
Malayalam,mal,2004,51
Malayalam,mal,2005,71
Malayalam,mal,2006,89
Malayalam,mal,2007,101
Malayalam,mal,2008,119
Malayalam,mal,2009,153
Malayalam,mal,2010,190
Malayalam,mal,2011,220
Malayalam,mal,2012,224
Malayalam,mal,2013,258
Malayalam,mal,2014,309
Malayalam,mal,2015,329
Malayalam,mal,2016,370
Malayalam,mal,2017,383
Malayalam,mal,2018,416
Malayalam,mal,2019,516
Malayalam,mal,2020,555
Malayalam,mal,2021,631
Malayalam,mal,2022,774
Malayalam,mal,2023,969
Malayalam,mal,2024,1238
Malayalam,mal,2025,1600
Maltese,mlt,2020,10
Maltese,mlt,2021,11
Maltese,mlt,2022,13
Maltese,mlt,2023,14
Maltese,mlt,2024,13
Maltese,mlt,2025,12
Marathi,mar,2002,12
Marathi,mar,2003,13
Marathi,mar,2004,21
Marathi,mar,2005,32
Marathi,mar,2006,71
Marathi,mar,2007,88
Marathi,mar,2008,123
Marathi,mar,2009,159
Marathi,mar,2010,166
Marathi,mar,2011,190
Marathi,mar,2012,202
Marathi,mar,2013,203
Marathi,mar,2014,243
Marathi,mar,2015,264
Marathi,mar,2016,283
Marathi,mar,2017,330
Marathi,mar,2018,404
Marathi,mar,2019,531
Marathi,mar,2020,604
Marathi,mar,2021,669
Marathi,mar,2022,789
Marathi,mar,2023,866
Marathi,mar,2024,928
Marathi,mar,2025,957
Mongolian,khk,2003,32
Mongolian,khk,2004,34
Mongolian,khk,2005,37
Mongolian,khk,2006,40
Mongolian,khk,2007,47
Mongolian,khk,2008,49
Mongolian,khk,2009,58
Mongolian,khk,2010,86
Mongolian,khk,2011,22
Mongolian,khk,2012,13
Mongolian,khk,2013,11
Mongolian,khk,2014,22
Mongolian,khk,2015,20
Mongolian,khk,2016,23
Mongolian,khk,2017,34
Mongolian,khk,2018,25
Mongolian,khk,2019,38
Mongolian,khk,2020,45
Mongolian,khk,2021,49
Mongolian,khk,2022,63
Mongolian,khk,2023,93
Mongolian,khk,2024,124
Mongolian,khk,2025,194
Ndonga,ndo,1992,10
Ndonga,ndo,2017,14
Ndonga,ndo,2018,14
Ndonga,ndo,2019,24
Ndonga,ndo,2020,25
Ndonga,ndo,2021,26
Ndonga,ndo,2022,25
Ndonga,ndo,2023,34
Ndonga,ndo,2024,35
Ndonga,ndo,2025,32
Nepali,npi,1992,11
Nepali,npi,1993,32
Nepali,npi,1994,36
Nepali,npi,1995,21
Nepali,npi,1996,27
Nepali,npi,1997,30
Nepali,npi,1998,35
Nepali,npi,1999,60
Nepali,npi,2000,74
Nepali,npi,2001,87
Nepali,npi,2002,105
Nepali,npi,2003,126
Nepali,npi,2004,160
Nepali,npi,2005,197
Nepali,npi,2006,267
Nepali,npi,2007,385
Nepali,npi,2008,609
Nepali,npi,2009,808
Nepali,npi,2010,1090
Nepali,npi,2011,1396
Nepali,npi,2012,1782
Nepali,npi,2013,2098
Nepali,npi,2014,2448
Nepali,npi,2015,2851
Nepali,npi,2016,3260
Nepali,npi,2017,3597
Nepali,npi,2018,3817
Nepali,npi,2019,4192
Nepali,npi,2020,4517
Nepali,npi,2021,4927
Nepali,npi,2022,5704
Nepali,npi,2023,7103
Nepali,npi,2024,9846
Nepali,npi,2025,12004
Norwegian,nor,1990,194
Norwegian,nor,1991,193
Norwegian,nor,1992,223
Norwegian,nor,1993,226
Norwegian,nor,1994,213
Norwegian,nor,1995,245
Norwegian,nor,1996,205
Norwegian,nor,1997,194
Norwegian,nor,1998,218
Norwegian,nor,1999,221
Norwegian,nor,2000,253
Norwegian,nor,2001,243
Norwegian,nor,2002,274
Norwegian,nor,2003,293
Norwegian,nor,2004,287
Norwegian,nor,2005,319
Norwegian,nor,2006,337
Norwegian,nor,2007,356
Norwegian,nor,2008,355
Norwegian,nor,2009,360
Norwegian,nor,2010,365
Norwegian,nor,2011,368
Norwegian,nor,2012,339
Norwegian,nor,2013,364
Norwegian,nor,2014,394
Norwegian,nor,2015,404
Norwegian,nor,2016,414
Norwegian,nor,2017,458
Norwegian,nor,2018,458
Norwegian,nor,2019,493
Norwegian,nor,2020,502
Norwegian,nor,2021,545
Norwegian,nor,2022,595
Norwegian,nor,2023,582
Norwegian,nor,2024,589
Norwegian,nor,2025,567
Oriya,ory,2006,10
Oriya,ory,2007,11
Oriya,ory,2008,14
Oriya,ory,2009,15
Oriya,ory,2010,25
Oriya,ory,2011,38
Oriya,ory,2012,41
Oriya,ory,2013,50
Oriya,ory,2014,51
Oriya,ory,2015,47
Oriya,ory,2016,46
Oriya,ory,2017,56
Oriya,ory,2018,64
Oriya,ory,2019,82
Oriya,ory,2020,69
Oriya,ory,2021,82
Oriya,ory,2022,97
Oriya,ory,2023,111
Oriya,ory,2024,117
Oriya,ory,2025,119
Oromo,hae,1997,20
Oromo,hae,1998,20
Oromo,hae,1999,12
Oromo,hae,2000,13
Oromo,hae,2001,14
Oromo,hae,2002,25
Oromo,hae,2003,28
Oromo,hae,2004,29
Oromo,hae,2005,35
Oromo,hae,2006,37
Oromo,hae,2007,37
Oromo,hae,2008,45
Oromo,hae,2009,50
Oromo,hae,2010,49
Oromo,hae,2011,53
Oromo,hae,2012,80
Oromo,hae,2013,82
Oromo,hae,2014,99
Oromo,hae,2015,109
Oromo,hae,2016,110
Oromo,hae,2017,130
Oromo,hae,2018,121
Oromo,hae,2019,135
Oromo,hae,2020,140
Oromo,hae,2021,154
Oromo,hae,2022,168
Oromo,hae,2023,193
Oromo,hae,2024,200
Oromo,hae,2025,248
"Ossetian, Ossetic",oss,2010,11
"Ossetian, Ossetic",oss,2011,11
"Ossetian, Ossetic",oss,2012,11
"Ossetian, Ossetic",oss,2013,11
"Ossetian, Ossetic",oss,2014,12
"Ossetian, Ossetic",oss,2015,12
"Ossetian, Ossetic",oss,2016,12
"Ossetian, Ossetic",oss,2017,12
"Ossetian, Ossetic",oss,2018,12
"Ossetian, Ossetic",oss,2019,12
"Ossetian, Ossetic",oss,2020,13
"Ossetian, Ossetic",oss,2021,13
"Ossetian, Ossetic",oss,2022,13
"Ossetian, Ossetic",oss,2023,13
"Ossetian, Ossetic",oss,2024,13
"Ossetian, Ossetic",oss,2025,13
Panjabi,pan,1992,136
Panjabi,pan,1993,144
Panjabi,pan,1994,160
Panjabi,pan,1995,185
Panjabi,pan,1996,195
Panjabi,pan,1997,215
Panjabi,pan,1998,220
Panjabi,pan,1999,248
Panjabi,pan,2000,268
Panjabi,pan,2001,292
Panjabi,pan,2002,319
Panjabi,pan,2003,358
Panjabi,pan,2004,394
Panjabi,pan,2005,445
Panjabi,pan,2006,495
Panjabi,pan,2007,523
Panjabi,pan,2008,559
Panjabi,pan,2009,598
Panjabi,pan,2010,651
Panjabi,pan,2011,679
Panjabi,pan,2012,707
Panjabi,pan,2013,738
Panjabi,pan,2014,758
Panjabi,pan,2015,808
Panjabi,pan,2016,852
Panjabi,pan,2017,914
Panjabi,pan,2018,985
Panjabi,pan,2019,1036
Panjabi,pan,2020,1090
Panjabi,pan,2021,1138
Panjabi,pan,2022,1288
Panjabi,pan,2023,1595
Panjabi,pan,2024,1971
Panjabi,pan,2025,2235
"Persian, Farsi",pes,1990,259
"Persian, Farsi",pes,1991,498
"Persian, Farsi",pes,1992,603
"Persian, Farsi",pes,1993,641
"Persian, Farsi",pes,1994,674
"Persian, Farsi",pes,1995,727
"Persian, Farsi",pes,1996,784
"Persian, Farsi",pes,1997,844
"Persian, Farsi",pes,1998,922
"Persian, Farsi",pes,1999,998
"Persian, Farsi",pes,2000,1140
"Persian, Farsi",pes,2001,1307
"Persian, Farsi",pes,2002,1459
"Persian, Farsi",pes,2003,1543
"Persian, Farsi",pes,2004,2710
"Persian, Farsi",pes,2005,3075
"Persian, Farsi",pes,2006,3436
"Persian, Farsi",pes,2007,3790
"Persian, Farsi",pes,2008,4101
"Persian, Farsi",pes,2009,4429
"Persian, Farsi",pes,2010,4878
"Persian, Farsi",pes,2011,5417
"Persian, Farsi",pes,2012,6251
"Persian, Farsi",pes,2013,7114
"Persian, Farsi",pes,2014,7925
"Persian, Farsi",pes,2015,8581
"Persian, Farsi",pes,2016,10699
"Persian, Farsi",pes,2017,11837
"Persian, Farsi",pes,2018,12763
"Persian, Farsi",pes,2019,13894
"Persian, Farsi",pes,2020,14868
"Persian, Farsi",pes,2021,16158
"Persian, Farsi",pes,2022,17832
"Persian, Farsi",pes,2023,20187
"Persian, Farsi",pes,2024,21874
"Persian, Farsi",pes,2025,23756
Polish,pol,1990,639
Polish,pol,1991,770
Polish,pol,1992,762
Polish,pol,1993,784
Polish,pol,1994,777
Polish,pol,1995,772
Polish,pol,1996,757
Polish,pol,1997,783
Polish,pol,1998,795
Polish,pol,1999,821
Polish,pol,2000,806
Polish,pol,2001,890
Polish,pol,2002,925
Polish,pol,2003,974
Polish,pol,2004,978
Polish,pol,2005,1082
Polish,pol,2006,1266
Polish,pol,2007,1576
Polish,pol,2008,2068
Polish,pol,2009,2273
Polish,pol,2010,2456
Polish,pol,2011,2717
Polish,pol,2012,3135
Polish,pol,2013,3634
Polish,pol,2014,4013
Polish,pol,2015,4366
Polish,pol,2016,4687
Polish,pol,2017,4882
Polish,pol,2018,5052
Polish,pol,2019,5172
Polish,pol,2020,5247
Polish,pol,2021,5563
Polish,pol,2022,5812
Polish,pol,2023,5994
Polish,pol,2024,5970
Polish,pol,2025,5851
Portuguese,por,1990,90
Portuguese,por,1991,120
Portuguese,por,1992,137
Portuguese,por,1993,169
Portuguese,por,1994,185
Portuguese,por,1995,203
Portuguese,por,1996,217
Portuguese,por,1997,232
Portuguese,por,1998,254
Portuguese,por,1999,284
Portuguese,por,2000,321
Portuguese,por,2001,361
Portuguese,por,2002,391
Portuguese,por,2003,462
Portuguese,por,2004,570
Portuguese,por,2005,678
Portuguese,por,2006,790
Portuguese,por,2007,971
Portuguese,por,2008,1100
Portuguese,por,2009,1231
Portuguese,por,2010,1375
Portuguese,por,2011,1541
Portuguese,por,2012,1668
Portuguese,por,2013,1806
Portuguese,por,2014,1967
Portuguese,por,2015,2092
Portuguese,por,2016,2326
Portuguese,por,2017,2520
Portuguese,por,2018,2721
Portuguese,por,2019,2985
Portuguese,por,2020,3260
Portuguese,por,2021,3526
Portuguese,por,2022,3710
Portuguese,por,2023,4008
Portuguese,por,2024,4193
Portuguese,por,2025,4328
Pushto,pst,1999,17
Pushto,pst,2000,80
Pushto,pst,2001,138
Pushto,pst,2002,157
Pushto,pst,2003,153
Pushto,pst,2004,221
Pushto,pst,2005,247
Pushto,pst,2006,263
Pushto,pst,2007,314
Pushto,pst,2008,370
Pushto,pst,2009,419
Pushto,pst,2010,499
Pushto,pst,2011,549
Pushto,pst,2012,622
Pushto,pst,2013,694
Pushto,pst,2014,770
Pushto,pst,2015,816
Pushto,pst,2016,915
Pushto,pst,2017,994
Pushto,pst,2018,1053
Pushto,pst,2019,1155
Pushto,pst,2020,1271
Pushto,pst,2021,1434
Pushto,pst,2022,1639
Pushto,pst,2023,1832
Pushto,pst,2024,2032
Pushto,pst,2025,2229
Romanian,ron,1990,35
Romanian,ron,1991,116
Romanian,ron,1992,187
Romanian,ron,1993,234
Romanian,ron,1994,266
Romanian,ron,1995,274
Romanian,ron,1996,292
Romanian,ron,1997,333
Romanian,ron,1998,369
Romanian,ron,1999,396
Romanian,ron,2000,476
Romanian,ron,2001,533
Romanian,ron,2002,577
Romanian,ron,2003,615
Romanian,ron,2004,660
Romanian,ron,2005,714
Romanian,ron,2006,816
Romanian,ron,2007,1012
Romanian,ron,2008,1152
Romanian,ron,2009,1242
Romanian,ron,2010,1451
Romanian,ron,2011,1734
Romanian,ron,2012,1952
Romanian,ron,2013,2182
Romanian,ron,2014,2521
Romanian,ron,2015,2828
Romanian,ron,2016,3282
Romanian,ron,2017,3680
Romanian,ron,2018,4105
Romanian,ron,2019,4764
Romanian,ron,2020,5250
Romanian,ron,2021,5887
Romanian,ron,2022,6504
Romanian,ron,2023,6973
Romanian,ron,2024,7255
Romanian,ron,2025,7165
Rundi,run,2009,17
Rundi,run,2010,19
Rundi,run,2011,19
Rundi,run,2012,17
Rundi,run,2013,29
Rundi,run,2014,26
Rundi,run,2015,24
Rundi,run,2016,25
Rundi,run,2017,28
Rundi,run,2018,14
Rundi,run,2019,15
Rundi,run,2020,29
Rundi,run,2021,40
Rundi,run,2022,39
Rundi,run,2023,31
Rundi,run,2024,55
Rundi,run,2025,70
Russian,rus,1990,3505
Russian,rus,1991,6001
Russian,rus,1992,8738
Russian,rus,1993,11121
Russian,rus,1994,13171
Russian,rus,1995,15298
Russian,rus,1996,17278
Russian,rus,1997,19848
Russian,rus,1998,22681
Russian,rus,1999,25160
Russian,rus,2000,27669
Russian,rus,2001,30585
Russian,rus,2002,32894
Russian,rus,2003,34719
Russian,rus,2004,36773
Russian,rus,2005,39179
Russian,rus,2006,41756
Russian,rus,2007,44724
Russian,rus,2008,48334
Russian,rus,2009,51191
Russian,rus,2010,54096
Russian,rus,2011,57922
Russian,rus,2012,62162
Russian,rus,2013,65992
Russian,rus,2014,69238
Russian,rus,2015,72059
Russian,rus,2016,75056
Russian,rus,2017,76800
Russian,rus,2018,78845
Russian,rus,2019,81254
Russian,rus,2020,83835
Russian,rus,2021,87213
Russian,rus,2022,93245
Russian,rus,2023,99322
Russian,rus,2024,102194
Russian,rus,2025,102327
Sami,sme,1990,1637
Sami,sme,1991,1638
Sami,sme,1992,1632
Sami,sme,1993,1634
Sami,sme,1994,1617
Sami,sme,1995,1614
Sami,sme,1996,1597
Sami,sme,1997,1596
Sami,sme,1998,1565
Sami,sme,1999,1554
Sami,sme,2000,1602
Sami,sme,2001,1578
Sami,sme,2002,1558
Sami,sme,2003,1547
Sami,sme,2004,1562
Sami,sme,2005,1590
Sami,sme,2006,1599
Sami,sme,2007,1591
Sami,sme,2008,1592
Sami,sme,2009,1616
Sami,sme,2010,1657
Sami,sme,2011,1668
Sami,sme,2012,1707
Sami,sme,2013,1752
Sami,sme,2014,1792
Sami,sme,2015,1788
Sami,sme,2016,1796
Sami,sme,2017,1820
Sami,sme,2018,1815
Sami,sme,2019,1819
Sami,sme,2020,1831
Sami,sme,2021,1844
Sami,sme,2022,1851
Sami,sme,2023,1873
Sami,sme,2024,1902
Sami,sme,2025,1904
Serbian,srp,1990,19
Serbian,srp,1991,22
Serbian,srp,1992,195
Serbian,srp,1993,497
Serbian,srp,1994,703
Serbian,srp,1995,1162
Serbian,srp,1996,1586
Serbian,srp,1997,1659
Serbian,srp,1998,1748
Serbian,srp,1999,1917
Serbian,srp,2000,2097
Serbian,srp,2001,2187
Serbian,srp,2002,1149
Serbian,srp,2003,1284
Serbian,srp,2004,1298
Serbian,srp,2005,1349
Serbian,srp,2006,1359
Serbian,srp,2007,1380
Serbian,srp,2008,1380
Serbian,srp,2009,1411
Serbian,srp,2010,1456
Serbian,srp,2011,1481
Serbian,srp,2012,1502
Serbian,srp,2013,1502
Serbian,srp,2014,1519
Serbian,srp,2015,1545
Serbian,srp,2016,1644
Serbian,srp,2017,1608
Serbian,srp,2018,1629
Serbian,srp,2019,1646
Serbian,srp,2020,1670
Serbian,srp,2021,1686
Serbian,srp,2022,1696
Serbian,srp,2023,1710
Serbian,srp,2024,1708
Serbian,srp,2025,1677
Shona,sna,2015,11
Shona,sna,2016,15
Shona,sna,2017,15
Shona,sna,2018,34
Shona,sna,2019,37
Shona,sna,2020,50
Shona,sna,2021,48
Shona,sna,2022,52
Shona,sna,2023,60
Shona,sna,2024,65
Shona,sna,2025,77
Sindhi,snd,2002,10
Sindhi,snd,2003,11
Sindhi,snd,2004,12
Sindhi,snd,2005,11
Sindhi,snd,2006,10
Sindhi,snd,2007,10
Sindhi,snd,2008,15
Sindhi,snd,2009,15
Sindhi,snd,2010,16
Sindhi,snd,2011,19
Sindhi,snd,2012,21
Sindhi,snd,2013,22
Sindhi,snd,2014,23
Sindhi,snd,2015,28
Sindhi,snd,2016,36
Sindhi,snd,2017,41
Sindhi,snd,2018,56
Sindhi,snd,2019,74
Sindhi,snd,2020,77
Sindhi,snd,2021,84
Sindhi,snd,2022,110
Sindhi,snd,2023,147
Sindhi,snd,2024,201
Sindhi,snd,2025,224
Sinhala,sin,1990,28
Sinhala,sin,1991,31
Sinhala,sin,1992,30
Sinhala,sin,1993,34
Sinhala,sin,1994,32
Sinhala,sin,1995,33
Sinhala,sin,1996,33
Sinhala,sin,1997,49
Sinhala,sin,1998,59
Sinhala,sin,1999,63
Sinhala,sin,2000,56
Sinhala,sin,2001,69
Sinhala,sin,2002,24
Sinhala,sin,2003,83
Sinhala,sin,2004,83
Sinhala,sin,2005,85
Sinhala,sin,2006,89
Sinhala,sin,2007,98
Sinhala,sin,2008,109
Sinhala,sin,2009,122
Sinhala,sin,2010,138
Sinhala,sin,2011,161
Sinhala,sin,2012,194
Sinhala,sin,2013,198
Sinhala,sin,2014,210
Sinhala,sin,2015,217
Sinhala,sin,2016,238
Sinhala,sin,2017,257
Sinhala,sin,2018,291
Sinhala,sin,2019,343
Sinhala,sin,2020,368
Sinhala,sin,2021,482
Sinhala,sin,2022,1379
Sinhala,sin,2023,4125
Sinhala,sin,2024,6623
Sinhala,sin,2025,8883
Slovak,slk,1996,10
Slovak,slk,1997,10
Slovak,slk,1998,10
Slovak,slk,1999,34
Slovak,slk,2000,33
Slovak,slk,2001,39
Slovak,slk,2002,48
Slovak,slk,2003,57
Slovak,slk,2004,51
Slovak,slk,2005,81
Slovak,slk,2006,89
Slovak,slk,2007,114
Slovak,slk,2008,154
Slovak,slk,2009,161
Slovak,slk,2010,172
Slovak,slk,2011,173
Slovak,slk,2012,192
Slovak,slk,2013,211
Slovak,slk,2014,241
Slovak,slk,2015,271
Slovak,slk,2016,366
Slovak,slk,2017,360
Slovak,slk,2018,379
Slovak,slk,2019,419
Slovak,slk,2020,469
Slovak,slk,2021,495
Slovak,slk,2022,556
Slovak,slk,2023,595
Slovak,slk,2024,614
Slovak,slk,2025,643
Slovene,slv,2002,11
Slovene,slv,2003,13
Slovene,slv,2004,11
Slovene,slv,2005,13
Slovene,slv,2006,16
Slovene,slv,2007,18
Slovene,slv,2008,20
Slovene,slv,2009,37
Slovene,slv,2010,39
Slovene,slv,2011,41
Slovene,slv,2012,41
Slovene,slv,2013,45
Slovene,slv,2014,51
Slovene,slv,2015,56
Slovene,slv,2016,72
Slovene,slv,2017,82
Slovene,slv,2018,91
Slovene,slv,2019,90
Slovene,slv,2020,94
Slovene,slv,2021,105
Slovene,slv,2022,106
Slovene,slv,2023,112
Slovene,slv,2024,115
Slovene,slv,2025,116
Somali,som,1991,1534
Somali,som,1992,1890
Somali,som,1993,2881
Somali,som,1994,3515
Somali,som,1995,3973
Somali,som,1996,4495
Somali,som,1997,5201
Somali,som,1998,5853
Somali,som,1999,6195
Somali,som,2000,6396
Somali,som,2001,6851
Somali,som,2002,7269
Somali,som,2003,7725
Somali,som,2004,8058
Somali,som,2005,8548
Somali,som,2006,8941
Somali,som,2007,9765
Somali,som,2008,10592
Somali,som,2009,11615
Somali,som,2010,12895
Somali,som,2011,13976
Somali,som,2012,14672
Somali,som,2013,15706
Somali,som,2014,16595
Somali,som,2015,17751
Somali,som,2016,18936
Somali,som,2017,19872
Somali,som,2018,20833
Somali,som,2019,21828
Somali,som,2020,22719
Somali,som,2021,23578
Somali,som,2022,24572
Somali,som,2023,25521
Somali,som,2024,26780
Somali,som,2025,28063
Spanish,spa,1990,667
Spanish,spa,1991,775
Spanish,spa,1992,828
Spanish,spa,1993,912
Spanish,spa,1994,1031
Spanish,spa,1995,1136
Spanish,spa,1996,1209
Spanish,spa,1997,1359
Spanish,spa,1998,1520
Spanish,spa,1999,1609
Spanish,spa,2000,1695
Spanish,spa,2001,1906
Spanish,spa,2002,2071
Spanish,spa,2003,2274
Spanish,spa,2004,2405
Spanish,spa,2005,2629
Spanish,spa,2006,2926
Spanish,spa,2007,3292
Spanish,spa,2008,3635
Spanish,spa,2009,3908
Spanish,spa,2010,4232
Spanish,spa,2011,4632
Spanish,spa,2012,5105
Spanish,spa,2013,5640
Spanish,spa,2014,6211
Spanish,spa,2015,6683
Spanish,spa,2016,7070
Spanish,spa,2017,7347
Spanish,spa,2018,7695
Spanish,spa,2019,8172
Spanish,spa,2020,8721
Spanish,spa,2021,9394
Spanish,spa,2022,10091
Spanish,spa,2023,10700
Spanish,spa,2024,11283
Spanish,spa,2025,11587
Swahili,swh,1991,22
Swahili,swh,1992,15
Swahili,swh,1993,28
Swahili,swh,1994,31
Swahili,swh,1995,35
Swahili,swh,1996,46
Swahili,swh,1997,55
Swahili,swh,1998,65
Swahili,swh,1999,84
Swahili,swh,2000,87
Swahili,swh,2001,106
Swahili,swh,2002,118
Swahili,swh,2003,169
Swahili,swh,2004,221
Swahili,swh,2005,311
Swahili,swh,2006,383
Swahili,swh,2007,481
Swahili,swh,2008,571
Swahili,swh,2009,678
Swahili,swh,2010,786
Swahili,swh,2011,891
Swahili,swh,2012,1025
Swahili,swh,2013,1145
Swahili,swh,2014,1329
Swahili,swh,2015,1533
Swahili,swh,2016,1723
Swahili,swh,2017,1830
Swahili,swh,2018,1938
Swahili,swh,2019,2215
Swahili,swh,2020,2431
Swahili,swh,2021,2525
Swahili,swh,2022,2845
Swahili,swh,2023,3078
Swahili,swh,2024,3293
Swahili,swh,2025,3457
Swedish,swe,1990,296210
Swedish,swe,1991,296339
Swedish,swe,1992,295922
Swedish,swe,1993,295086
Swedish,swe,1994,294657
Swedish,swe,1995,294152
Swedish,swe,1996,293727
Swedish,swe,1997,293176
Swedish,swe,1998,292764
Swedish,swe,1999,291922
Swedish,swe,2000,291184
Swedish,swe,2001,290295
Swedish,swe,2002,289811
Swedish,swe,2003,289396
Swedish,swe,2004,289283
Swedish,swe,2005,289207
Swedish,swe,2006,289165
Swedish,swe,2007,289180
Swedish,swe,2008,289558
Swedish,swe,2009,289951
Swedish,swe,2010,290766
Swedish,swe,2011,290871
Swedish,swe,2012,290598
Swedish,swe,2013,290519
Swedish,swe,2014,290389
Swedish,swe,2015,289811
Swedish,swe,2016,289174
Swedish,swe,2017,288655
Swedish,swe,2018,288028
Swedish,swe,2019,287552
Swedish,swe,2020,287475
Swedish,swe,2021,287531
Swedish,swe,2022,286648
Swedish,swe,2023,285645
Swedish,swe,2024,285009
Swedish,swe,2025,284179
Tagalog,tgl,1990,51
Tagalog,tgl,1991,146
Tagalog,tgl,1992,170
Tagalog,tgl,1993,192
Tagalog,tgl,1994,217
Tagalog,tgl,1995,237
Tagalog,tgl,1996,259
Tagalog,tgl,1997,300
Tagalog,tgl,1998,315
Tagalog,tgl,1999,339
Tagalog,tgl,2000,367
Tagalog,tgl,2001,385
Tagalog,tgl,2002,373
Tagalog,tgl,2003,433
Tagalog,tgl,2004,477
Tagalog,tgl,2005,501
Tagalog,tgl,2006,567
Tagalog,tgl,2007,655
Tagalog,tgl,2008,828
Tagalog,tgl,2009,998
Tagalog,tgl,2010,1108
Tagalog,tgl,2011,1280
Tagalog,tgl,2012,1508
Tagalog,tgl,2013,1849
Tagalog,tgl,2014,2200
Tagalog,tgl,2015,2519
Tagalog,tgl,2016,2832
Tagalog,tgl,2017,3194
Tagalog,tgl,2018,3607
Tagalog,tgl,2019,4327
Tagalog,tgl,2020,4873
Tagalog,tgl,2021,5487
Tagalog,tgl,2022,7622
Tagalog,tgl,2023,10149
Tagalog,tgl,2024,12093
Tagalog,tgl,2025,12781
Tajik,tgk,2010,11
Tajik,tgk,2011,21
Tajik,tgk,2012,13
Tajik,tgk,2013,12
Tajik,tgk,2014,14
Tajik,tgk,2015,28
Tajik,tgk,2016,28
Tajik,tgk,2017,29
Tajik,tgk,2018,29
Tajik,tgk,2019,27
Tajik,tgk,2020,26
Tajik,tgk,2021,36
Tajik,tgk,2022,91
Tajik,tgk,2023,148
Tajik,tgk,2024,164
Tajik,tgk,2025,182
Tamil,tam,1990,25
Tamil,tam,1991,33
Tamil,tam,1992,36
Tamil,tam,1993,37
Tamil,tam,1994,58
Tamil,tam,1995,64
Tamil,tam,1996,81
Tamil,tam,1997,104
Tamil,tam,1998,134
Tamil,tam,1999,159
Tamil,tam,2000,190
Tamil,tam,2001,205
Tamil,tam,2002,261
Tamil,tam,2003,277
Tamil,tam,2004,320
Tamil,tam,2005,358
Tamil,tam,2006,428
Tamil,tam,2007,502
Tamil,tam,2008,629
Tamil,tam,2009,753
Tamil,tam,2010,859
Tamil,tam,2011,995
Tamil,tam,2012,1162
Tamil,tam,2013,1332
Tamil,tam,2014,1477
Tamil,tam,2015,1558
Tamil,tam,2016,1613
Tamil,tam,2017,1661
Tamil,tam,2018,1821
Tamil,tam,2019,2034
Tamil,tam,2020,2130
Tamil,tam,2021,2303
Tamil,tam,2022,2674
Tamil,tam,2023,3011
Tamil,tam,2024,3344
Tamil,tam,2025,3642
Tatar,tat,1990,44
Tatar,tat,1991,44
Tatar,tat,1992,45
Tatar,tat,1993,45
Tatar,tat,1994,49
Tatar,tat,1995,63
Tatar,tat,1996,66
Tatar,tat,1997,70
Tatar,tat,1998,73
Tatar,tat,1999,77
Tatar,tat,2000,83
Tatar,tat,2001,85
Tatar,tat,2002,83
Tatar,tat,2003,97
Tatar,tat,2004,101
Tatar,tat,2005,105
Tatar,tat,2006,110
Tatar,tat,2007,111
Tatar,tat,2008,115
Tatar,tat,2009,118
Tatar,tat,2010,116
Tatar,tat,2011,116
Tatar,tat,2012,113
Tatar,tat,2013,118
Tatar,tat,2014,124
Tatar,tat,2015,133
Tatar,tat,2016,130
Tatar,tat,2017,140
Tatar,tat,2018,145
Tatar,tat,2019,144
Tatar,tat,2020,144
Tatar,tat,2021,142
Tatar,tat,2022,167
Tatar,tat,2023,169
Tatar,tat,2024,175
Tatar,tat,2025,173
Telugu,tel,1999,13
Telugu,tel,2000,39
Telugu,tel,2001,61
Telugu,tel,2002,77
Telugu,tel,2003,111
Telugu,tel,2004,187
Telugu,tel,2005,254
Telugu,tel,2006,377
Telugu,tel,2007,409
Telugu,tel,2008,473
Telugu,tel,2009,546
Telugu,tel,2010,614
Telugu,tel,2011,659
Telugu,tel,2012,697
Telugu,tel,2013,744
Telugu,tel,2014,790
Telugu,tel,2015,818
Telugu,tel,2016,786
Telugu,tel,2017,801
Telugu,tel,2018,888
Telugu,tel,2019,1015
Telugu,tel,2020,1079
Telugu,tel,2021,1185
Telugu,tel,2022,1372
Telugu,tel,2023,1480
Telugu,tel,2024,1568
Telugu,tel,2025,1648
Thai,tha,1990,121
Thai,tha,1991,218
Thai,tha,1992,319
Thai,tha,1993,437
Thai,tha,1994,504
Thai,tha,1995,571
Thai,tha,1996,640
Thai,tha,1997,756
Thai,tha,1998,877
Thai,tha,1999,995
Thai,tha,2000,1116
Thai,tha,2001,1320
Thai,tha,2002,1582
Thai,tha,2003,1850
Thai,tha,2004,2187
Thai,tha,2005,2589
Thai,tha,2006,2954
Thai,tha,2007,3523
Thai,tha,2008,4005
Thai,tha,2009,4615
Thai,tha,2010,5154
Thai,tha,2011,5720
Thai,tha,2012,6281
Thai,tha,2013,6890
Thai,tha,2014,7377
Thai,tha,2015,7925
Thai,tha,2016,8384
Thai,tha,2017,8758
Thai,tha,2018,9145
Thai,tha,2019,9555
Thai,tha,2020,9944
Thai,tha,2021,10226
Thai,tha,2022,10710
Thai,tha,2023,11292
Thai,tha,2024,11781
Thai,tha,2025,12158
Tigrinya,tir,1993,19
Tigrinya,tir,1994,23
Tigrinya,tir,1995,25
Tigrinya,tir,1996,26
Tigrinya,tir,1997,30
Tigrinya,tir,1998,34
Tigrinya,tir,1999,38
Tigrinya,tir,2000,44
Tigrinya,tir,2001,48
Tigrinya,tir,2002,59
Tigrinya,tir,2003,93
Tigrinya,tir,2004,103
Tigrinya,tir,2005,101
Tigrinya,tir,2006,119
Tigrinya,tir,2007,136
Tigrinya,tir,2008,149
Tigrinya,tir,2009,165
Tigrinya,tir,2010,188
Tigrinya,tir,2011,197
Tigrinya,tir,2012,228
Tigrinya,tir,2013,245
Tigrinya,tir,2014,255
Tigrinya,tir,2015,261
Tigrinya,tir,2016,480
Tigrinya,tir,2017,716
Tigrinya,tir,2018,1140
Tigrinya,tir,2019,1391
Tigrinya,tir,2020,1598
Tigrinya,tir,2021,1773
Tigrinya,tir,2022,1955
Tigrinya,tir,2023,2076
Tigrinya,tir,2024,2236
Tigrinya,tir,2025,2365
Turkish,tur,1990,691
Turkish,tur,1991,982
Turkish,tur,1992,1168
Turkish,tur,1993,1372
Turkish,tur,1994,1508
Turkish,tur,1995,1608
Turkish,tur,1996,1712
Turkish,tur,1997,1895
Turkish,tur,1998,1999
Turkish,tur,1999,2070
Turkish,tur,2000,2150
Turkish,tur,2001,2343
Turkish,tur,2002,2532
Turkish,tur,2003,2775
Turkish,tur,2004,2948
Turkish,tur,2005,3180
Turkish,tur,2006,3535
Turkish,tur,2007,3865
Turkish,tur,2008,4276
Turkish,tur,2009,4651
Turkish,tur,2010,4965
Turkish,tur,2011,5273
Turkish,tur,2012,5648
Turkish,tur,2013,6016
Turkish,tur,2014,6328
Turkish,tur,2015,6614
Turkish,tur,2016,6956
Turkish,tur,2017,7302
Turkish,tur,2018,7726
Turkish,tur,2019,8411
Turkish,tur,2020,9093
Turkish,tur,2021,9607
Turkish,tur,2022,10444
Turkish,tur,2023,11431
Turkish,tur,2024,12538
Turkish,tur,2025,13299
Turkmen,tuk,1999,59
Turkmen,tuk,2000,79
Turkmen,tuk,2001,87
Turkmen,tuk,2002,90
Turkmen,tuk,2003,106
Turkmen,tuk,2004,116
Turkmen,tuk,2005,122
Turkmen,tuk,2006,134
Turkmen,tuk,2007,134
Turkmen,tuk,2008,164
Turkmen,tuk,2009,188
Turkmen,tuk,2010,195
Turkmen,tuk,2011,205
Turkmen,tuk,2012,234
Turkmen,tuk,2013,254
Turkmen,tuk,2014,281
Turkmen,tuk,2015,292
Turkmen,tuk,2016,316
Turkmen,tuk,2017,362
Turkmen,tuk,2018,398
Turkmen,tuk,2019,436
Turkmen,tuk,2020,474
Turkmen,tuk,2021,506
Turkmen,tuk,2022,534
Turkmen,tuk,2023,560
Turkmen,tuk,2024,590
Turkmen,tuk,2025,599
Uighur,uig,2002,10
Uighur,uig,2003,12
Uighur,uig,2004,14
Uighur,uig,2005,21
Uighur,uig,2006,27
Uighur,uig,2007,32
Uighur,uig,2008,45
Uighur,uig,2009,77
Uighur,uig,2010,79
Uighur,uig,2011,82
Uighur,uig,2012,105
Uighur,uig,2013,132
Uighur,uig,2014,151
Uighur,uig,2015,170
Uighur,uig,2016,190
Uighur,uig,2017,185
Uighur,uig,2018,213
Uighur,uig,2019,240
Uighur,uig,2020,278
Uighur,uig,2021,290
Uighur,uig,2022,309
Uighur,uig,2023,359
Uighur,uig,2024,388
Uighur,uig,2025,415
Ukrainian,ukr,1992,24
Ukrainian,ukr,1993,42
Ukrainian,ukr,1994,54
Ukrainian,ukr,1995,77
Ukrainian,ukr,1996,124
Ukrainian,ukr,1997,145
Ukrainian,ukr,1998,166
Ukrainian,ukr,1999,178
Ukrainian,ukr,2000,219
Ukrainian,ukr,2001,266
Ukrainian,ukr,2002,305
Ukrainian,ukr,2003,352
Ukrainian,ukr,2004,386
Ukrainian,ukr,2005,423
Ukrainian,ukr,2006,468
Ukrainian,ukr,2007,545
Ukrainian,ukr,2008,674
Ukrainian,ukr,2009,782
Ukrainian,ukr,2010,911
Ukrainian,ukr,2011,1062
Ukrainian,ukr,2012,1279
Ukrainian,ukr,2013,1524
Ukrainian,ukr,2014,1954
Ukrainian,ukr,2015,2344
Ukrainian,ukr,2016,2763
Ukrainian,ukr,2017,3211
Ukrainian,ukr,2018,3962
Ukrainian,ukr,2019,4685
Ukrainian,ukr,2020,5525
Ukrainian,ukr,2021,6825
Ukrainian,ukr,2022,8254
Ukrainian,ukr,2023,26210
Ukrainian,ukr,2024,38570
Ukrainian,ukr,2025,46429
Urdu,urd,1990,49
Urdu,urd,1991,69
Urdu,urd,1992,80
Urdu,urd,1993,84
Urdu,urd,1994,109
Urdu,urd,1995,119
Urdu,urd,1996,150
Urdu,urd,1997,180
Urdu,urd,1998,221
Urdu,urd,1999,255
Urdu,urd,2000,258
Urdu,urd,2001,297
Urdu,urd,2002,328
Urdu,urd,2003,387
Urdu,urd,2004,432
Urdu,urd,2005,519
Urdu,urd,2006,599
Urdu,urd,2007,733
Urdu,urd,2008,795
Urdu,urd,2009,965
Urdu,urd,2010,1116
Urdu,urd,2011,1313
Urdu,urd,2012,1549
Urdu,urd,2013,1761
Urdu,urd,2014,2066
Urdu,urd,2015,2288
Urdu,urd,2016,2598
Urdu,urd,2017,2830
Urdu,urd,2018,3037
Urdu,urd,2019,3365
Urdu,urd,2020,3718
Urdu,urd,2021,4024
Urdu,urd,2022,4831
Urdu,urd,2023,6130
Urdu,urd,2024,7779
Urdu,urd,2025,9313
Uzbek,uzn,2007,29
Uzbek,uzn,2008,41
Uzbek,uzn,2009,52
Uzbek,uzn,2010,69
Uzbek,uzn,2011,91
Uzbek,uzn,2012,101
Uzbek,uzn,2013,165
Uzbek,uzn,2014,203
Uzbek,uzn,2015,243
Uzbek,uzn,2016,343
Uzbek,uzn,2017,565
Uzbek,uzn,2018,724
Uzbek,uzn,2019,971
Uzbek,uzn,2020,1031
Uzbek,uzn,2021,1203
Uzbek,uzn,2022,2016
Uzbek,uzn,2023,2521
Uzbek,uzn,2024,2734
Uzbek,uzn,2025,2861
Vietnamese,vie,1990,1632
Vietnamese,vie,1991,1926
Vietnamese,vie,1992,2113
Vietnamese,vie,1993,2381
Vietnamese,vie,1994,2617
Vietnamese,vie,1995,2725
Vietnamese,vie,1996,2815
Vietnamese,vie,1997,2978
Vietnamese,vie,1998,3224
Vietnamese,vie,1999,3351
Vietnamese,vie,2000,3476
Vietnamese,vie,2001,3590
Vietnamese,vie,2002,3690
Vietnamese,vie,2003,3820
Vietnamese,vie,2004,3934
Vietnamese,vie,2005,4055
Vietnamese,vie,2006,4283
Vietnamese,vie,2007,4505
Vietnamese,vie,2008,4838
Vietnamese,vie,2009,5174
Vietnamese,vie,2010,5494
Vietnamese,vie,2011,5905
Vietnamese,vie,2012,6395
Vietnamese,vie,2013,6798
Vietnamese,vie,2014,7343
Vietnamese,vie,2015,8064
Vietnamese,vie,2016,9044
Vietnamese,vie,2017,9681
Vietnamese,vie,2018,10250
Vietnamese,vie,2019,10859
Vietnamese,vie,2020,11292
Vietnamese,vie,2021,12055
Vietnamese,vie,2022,12889
Vietnamese,vie,2023,14255
Vietnamese,vie,2024,15859
Vietnamese,vie,2025,17352
Wolof,wol,1993,23
Wolof,wol,1994,16
Wolof,wol,1995,14
Wolof,wol,1996,17
Wolof,wol,1997,22
Wolof,wol,1998,23
Wolof,wol,1999,27
Wolof,wol,2000,26
Wolof,wol,2001,28
Wolof,wol,2002,29
Wolof,wol,2003,31
Wolof,wol,2004,38
Wolof,wol,2005,40
Wolof,wol,2006,49
Wolof,wol,2007,62
Wolof,wol,2008,84
Wolof,wol,2009,105
Wolof,wol,2010,124
Wolof,wol,2011,142
Wolof,wol,2012,159
Wolof,wol,2013,175
Wolof,wol,2014,193
Wolof,wol,2015,206
Wolof,wol,2016,222
Wolof,wol,2017,232
Wolof,wol,2018,241
Wolof,wol,2019,252
Wolof,wol,2020,266
Wolof,wol,2021,272
Wolof,wol,2022,300
Wolof,wol,2023,309
Wolof,wol,2024,327
Wolof,wol,2025,330
Yoruba,yor,1996,11
Yoruba,yor,1997,11
Yoruba,yor,1998,11
Yoruba,yor,1999,14
Yoruba,yor,2000,21
Yoruba,yor,2001,21
Yoruba,yor,2002,30
Yoruba,yor,2003,32
Yoruba,yor,2004,35
Yoruba,yor,2005,48
Yoruba,yor,2006,88
Yoruba,yor,2007,136
Yoruba,yor,2008,223
Yoruba,yor,2009,258
Yoruba,yor,2010,314
Yoruba,yor,2011,403
Yoruba,yor,2012,455
Yoruba,yor,2013,486
Yoruba,yor,2014,603
Yoruba,yor,2015,693
Yoruba,yor,2016,802
Yoruba,yor,2017,867
Yoruba,yor,2018,905
Yoruba,yor,2019,909
Yoruba,yor,2020,952
Yoruba,yor,2021,1024
Yoruba,yor,2022,1162
Yoruba,yor,2023,1412
Yoruba,yor,2024,1721
Yoruba,yor,2025,1967
